Name,Knockdown,Significant_Strikes_Landed,Significant_Strikes_Attempted,Significant_Strike_%,Total_Strikes_Landed,Total_Strikes_Attempted,Takedowns_Landed,Takedowns_Attempted,Takedowns_Percent,Submission_Attempts,REV,Control_Time,Head_Landed,Head_Attempted,Body_Landed,Body_Attempted,Leg_Landed,Leg_Attempted,Distance_Landed,Distance_Attempted,Clinch_Landed,Clinch_Attempted,Ground_Landed,Ground_Attempted,Winner
Tai Tuivasa,0,15,24,62%,18,27,0,0,---,0,0,0:00,9,17,1,2,5,5,8,17,7,7,0,0,L
Marcin Tybura,0,27,41,65%,73,96,1,4,25%,1,0,2:48,23,34,4,7,0,0,8,20,0,0,19,21,W
Bryan Battle,0,27,75,36%,28,78,1,2,50%,0,0,1:33,16,56,10,18,1,1,24,69,3,5,0,1,NC
Ange Loosa,0,23,54,42%,26,58,0,1,0%,0,0,0:00,6,34,8,9,9,11,22,53,1,1,0,0,NC
Bryan Battle,0,27,75,36%,28,78,1,2,50%,0,0,1:33,16,56,10,18,1,1,24,69,3,5,0,1,NC
Ange Loosa,0,23,54,42%,26,58,0,1,0%,0,0,0:00,6,34,8,9,9,11,22,53,1,1,0,0,NC
Ovince Saint Preux,1,143,276,51%,143,276,0,2,0%,0,0,0:06,98,223,32,39,13,14,131,262,11,13,1,1,W
Kennedy Nzechukwu,0,106,250,42%,106,250,0,1,0%,0,0,0:08,85,213,19,35,2,2,93,235,13,15,0,0,L
Christian Rodriguez,0,48,76,63%,97,135,0,0,---,0,0,3:19,43,71,4,4,1,1,21,40,10,10,17,26,W
Isaac Dulgarian,0,22,44,50%,56,89,7,16,43%,2,0,9:22,17,39,2,2,3,3,14,34,1,1,7,9,L
Pannie Kianzad,0,2,6,33%,29,35,1,2,50%,0,0,0:52,1,5,0,0,1,1,2,4,0,1,0,1,L
Macy Chiasson,0,4,10,40%,5,11,2,2,100%,1,1,2:28,3,8,1,2,0,0,3,9,1,1,0,0,W
Gerald Meerschaert,0,11,17,64%,30,36,3,7,42%,2,0,5:03,7,12,2,3,2,2,11,17,0,0,0,0,W
Bryan Barberena,0,12,37,32%,25,50,0,0,---,0,0,0:03,9,29,0,0,3,8,10,34,0,0,2,3,L
Natan Levy,0,8,9,88%,18,20,1,1,100%,0,0,0:34,2,3,5,5,1,1,5,6,0,0,3,3,L
Mike Davis,1,3,7,42%,10,15,0,0,---,1,0,5:11,3,6,0,1,0,0,1,2,0,0,2,5,W
Josiane Nunes,0,47,105,44%,49,108,0,0,---,0,0,0:26,37,85,9,19,1,1,43,101,4,4,0,0,L
Chelsea Chandler,0,58,130,44%,100,176,2,2,100%,0,0,7:02,43,107,13,21,2,2,43,106,2,3,13,21,W
Jafel Filho,0,21,35,60%,43,66,1,1,100%,2,0,3:21,18,31,2,2,1,2,3,7,0,0,18,28,W
Ode Osbourne,0,0,5,0%,1,6,0,0,---,0,0,0:04,0,4,0,1,0,0,0,5,0,0,0,0,L
Josh Culibao,0,87,202,43%,89,205,0,4,0%,0,0,0:03,59,168,20,26,8,8,86,199,1,3,0,0,L
Danny Silva,0,45,107,42%,56,119,4,9,44%,1,0,5:28,28,82,11,18,6,7,44,106,1,1,0,0,W
Jaqueline Amorim,0,3,5,60%,3,5,0,0,---,4,0,0:00,1,3,2,2,0,0,2,4,0,0,1,1,W
Cory McKenna,0,4,11,36%,8,17,1,1,100%,0,0,0:56,1,7,0,0,3,4,3,10,1,1,0,0,L
Thiago Moises,1,25,39,64%,53,72,2,2,100%,1,0,6:36,10,23,3,4,12,12,17,30,2,2,6,7,W
Mitch Ramirez,0,16,48,33%,28,65,0,0,---,0,0,0:21,4,32,5,7,7,9,13,45,3,3,0,0,L
Charalampos Grigoriou,0,21,65,32%,26,70,4,5,80%,0,0,5:24,16,53,2,7,3,5,21,64,0,0,0,1,L
Chad Anheliger,0,85,155,54%,144,220,0,2,0%,0,0,1:34,57,122,10,13,18,20,68,137,12,12,5,6,W
Sean O'Malley,0,230,356,64%,232,358,0,0,---,0,0,0:03,150,268,61,68,19,20,227,352,3,4,0,0,W
Marlon Vera,0,89,241,36%,89,241,0,0,---,0,0,0:00,41,165,14,35,34,41,85,235,4,6,0,0,L
Dustin Poirier,1,28,34,82%,30,37,0,1,0%,4,0,0:31,24,30,3,3,1,1,23,25,4,8,1,1,W
Benoit Saint Denis,0,50,74,67%,69,97,3,7,42%,1,0,4:53,25,46,18,20,7,8,17,37,31,35,2,2,L
Kevin Holland,0,29,61,47%,64,99,2,5,40%,1,0,4:22,11,37,4,6,14,18,18,47,4,5,7,9,L
Michael Page,0,41,62,66%,59,81,0,3,0%,0,0,1:26,28,47,8,10,5,5,38,58,2,3,1,1,W
Gilbert Burns,0,27,58,46%,31,63,7,11,63%,0,0,5:07,16,43,8,11,3,4,23,52,3,5,1,1,L
Jack Della Maddalena,1,67,123,54%,85,146,0,1,0%,0,0,0:16,54,104,9,15,4,4,47,100,4,6,16,17,W
Petr Yan,0,99,183,54%,129,217,2,5,40%,0,0,1:47,68,142,22,31,9,10,86,170,4,4,9,9,W
Song Yadong,0,86,172,50%,104,192,1,8,12%,0,0,1:40,71,147,9,15,6,10,79,164,5,6,2,2,L
Curtis Blaydes,0,16,25,64%,19,28,0,0,---,0,0,0:09,16,25,0,0,0,0,0,5,0,0,16,20,W
Jailton Almeida,0,1,3,33%,9,11,9,13,69%,0,0,4:39,1,3,0,0,0,0,1,3,0,0,0,0,L
Katlyn Cerminara,0,66,152,43%,99,186,1,6,16%,0,0,2:52,44,122,21,27,1,3,43,124,23,28,0,0,L
Maycee Barber,0,84,150,56%,122,189,4,4,100%,0,0,4:45,59,121,18,22,7,7,44,107,36,39,4,4,W
Mateusz Gamrot,0,57,102,55%,111,163,11,19,57%,0,0,7:01,48,90,9,12,0,0,46,88,6,8,5,6,W
Rafael Dos Anjos,1,36,78,46%,39,82,0,0,---,0,0,0:11,24,61,5,9,7,8,26,67,7,8,3,3,L
Pedro Munhoz,0,52,140,37%,52,140,1,8,12%,0,0,0:24,23,99,17,24,12,17,48,134,3,5,1,1,L
Kyler Phillips,0,114,275,41%,115,276,0,0,---,0,0,0:02,74,224,17,24,23,27,111,269,2,5,1,1,W
Ion Cutelaba,0,47,97,48%,119,171,0,1,0%,0,0,0:16,33,82,9,9,5,6,42,90,5,7,0,0,L
Philipe Lins,0,67,115,58%,73,121,2,7,28%,0,0,5:34,37,82,7,9,23,24,57,100,5,8,5,7,W
Michel Pereira,0,11,15,73%,11,15,0,0,---,1,0,0:18,5,9,6,6,0,0,9,13,2,2,0,0,W
Michal Oleksiejczuk,0,1,4,25%,1,4,0,0,---,0,0,0:00,0,3,1,1,0,0,1,4,0,0,0,0,L
Robelis Despaigne,1,7,9,77%,7,9,0,0,---,0,0,0:02,7,9,0,0,0,0,5,7,0,0,2,2,W
Josh Parisian,0,2,5,40%,2,5,0,0,---,0,0,0:00,1,4,1,1,0,0,2,5,0,0,0,0,L
CJ Vergara,0,29,53,54%,66,92,0,0,---,0,0,0:14,13,32,14,17,2,4,22,46,4,4,3,3,L
Asu Almabayev,0,44,77,57%,85,132,9,14,64%,0,0,9:32,22,53,9,11,13,13,23,51,8,10,13,16,W
Joanne Wood,0,136,249,54%,173,290,1,1,100%,0,0,0:12,74,175,39,45,23,29,112,216,23,31,1,2,W
Maryna Moroz,0,102,195,52%,156,255,1,2,50%,0,0,6:11,79,160,23,33,0,2,79,169,19,22,4,4,L
Jairzinho Rozenstruik,0,127,215,59%,140,230,0,1,0%,0,0,0:01,78,158,30,37,19,20,123,209,4,6,0,0,W
Shamil Gaziev,0,22,68,32%,27,75,1,7,14%,0,0,4:32,16,59,5,8,1,1,17,60,4,6,1,2,L
Vitor Petrino,0,27,75,36%,33,82,3,5,60%,0,0,5:24,16,59,4,8,7,8,25,72,0,0,2,3,W
Tyson Pedro,0,30,60,50%,33,64,0,2,0%,0,0,0:10,3,29,11,15,16,16,29,59,1,1,0,0,L
Alex Perez,0,30,87,34%,47,114,0,0,---,0,0,3:44,22,73,3,5,5,9,19,74,2,3,9,10,L
Muhammad Mokaev,0,47,104,45%,56,119,3,20,15%,0,0,4:29,34,85,9,12,4,7,31,81,3,3,13,20,W
Umar Nurmagomedov,0,68,98,69%,145,197,5,5,100%,0,0,11:26,64,94,0,0,4,4,7,13,0,0,61,85,W
Bekzat Almakhan,1,3,16,18%,5,25,0,0,---,0,0,0:34,1,13,2,3,0,0,3,16,0,0,0,0,L
Matt Schnell,0,22,78,28%,25,84,0,0,---,0,0,0:00,18,70,1,5,3,3,21,74,1,4,0,0,L
Steve Erceg,1,34,72,47%,34,72,0,1,0%,0,0,0:05,24,60,9,11,1,1,30,67,4,5,0,0,W
Eryk Anders,0,23,59,38%,83,147,5,13,38%,0,0,10:08,14,48,7,9,2,2,12,38,7,9,4,12,W
Jamie Pickett,1,20,55,36%,26,64,0,0,---,0,0,0:16,11,45,8,9,1,1,12,46,8,8,0,1,L
Vinicius Oliveira,1,67,144,46%,88,170,2,4,50%,0,0,1:36,39,91,11,20,17,33,49,112,3,13,15,19,W
Benardo Sopaj,0,45,86,52%,92,146,3,4,75%,0,0,4:28,42,81,1,3,2,2,21,55,0,2,24,29,L
Aiemann Zahabi,0,75,174,43%,77,176,0,0,---,0,0,0:13,51,130,16,26,8,18,74,172,1,2,0,0,W
Javid Basharat,0,67,205,32%,67,205,0,4,0%,0,0,0:00,33,147,27,44,7,14,67,203,0,2,0,0,L
Christian Leroy Duncan,0,65,92,70%,75,105,1,2,50%,0,0,2:15,39,62,8,10,18,20,31,50,12,15,22,27,W
Claudio Ribeiro,0,4,26,15%,13,39,0,0,---,0,0,1:03,1,19,1,3,2,4,4,24,0,2,0,0,L
Ludovit Klein,1,60,91,65%,63,95,2,3,66%,0,0,0:27,38,66,21,23,1,2,54,84,2,2,4,5,W
AJ Cunningham,0,36,75,48%,36,77,0,0,---,0,0,0:26,15,49,10,14,11,12,34,72,2,3,0,0,L
Abdul-Kareem Al-Selwady,0,38,68,55%,50,84,3,7,42%,0,0,2:44,15,34,8,11,15,23,34,61,4,7,0,0,L
Loik Radzhabov,1,39,90,43%,57,115,4,5,80%,0,0,1:27,33,72,6,15,0,3,18,63,2,2,19,25,W
Brandon Moreno,0,112,211,53%,119,219,3,5,60%,0,0,2:54,48,127,37,51,27,33,103,191,7,17,2,3,L
Brandon Royval,0,145,510,28%,177,556,1,2,50%,0,0,0:35,97,437,38,54,10,19,142,504,3,6,0,0,W
Yair Rodriguez,1,55,115,47%,64,135,0,1,0%,0,0,1:32,36,91,11,15,8,9,34,86,9,12,12,17,L
Brian Ortega,0,28,73,38%,47,104,3,6,50%,1,0,5:21,26,69,2,4,0,0,13,50,2,3,13,20,W
Daniel Zellhuber,0,120,272,44%,120,272,0,0,---,0,0,0:05,87,228,25,36,8,8,117,268,3,4,0,0,W
Francisco Prado,0,90,246,36%,91,249,0,0,---,0,0,0:25,30,155,26,47,34,44,88,244,2,2,0,0,L
Yazmin Jauregui,0,94,269,34%,97,272,0,0,---,0,0,0:00,52,197,24,42,18,30,84,253,10,16,0,0,W
Sam Hughes,0,83,197,42%,88,206,0,6,0%,0,0,0:17,40,143,17,24,26,30,80,190,3,7,0,0,L
Manuel Torres,0,3,5,60%,5,7,2,2,100%,1,0,0:42,2,4,1,1,0,0,0,2,2,2,1,1,W
Chris Duncan,0,1,2,50%,1,2,1,3,33%,0,0,0:40,1,2,0,0,0,0,1,2,0,0,0,0,L
Cristian Quinonez,0,29,82,35%,43,99,2,7,28%,0,0,3:13,17,67,3,6,9,9,26,75,3,7,0,0,L
Raoni Barcelos,0,43,74,58%,48,81,2,12,16%,2,0,1:02,26,54,5,7,12,13,38,68,4,5,1,1,W
Jesus Aguilar,0,19,36,52%,38,62,1,4,25%,1,1,4:51,10,24,4,4,5,8,11,21,4,5,4,10,W
Mateus Mendonca,0,18,40,45%,43,90,4,8,50%,1,0,8:44,15,35,3,4,0,1,7,21,2,2,9,17,L
Edgar Chairez,0,9,15,60%,9,15,0,0,---,1,0,0:00,3,7,2,4,4,4,8,14,0,0,1,1,W
Daniel Lacerda,0,4,17,23%,7,22,1,1,100%,0,0,0:41,2,9,2,7,0,1,2,12,0,0,2,5,L
Claudio Puelles,0,4,9,44%,17,27,7,13,53%,0,0,7:14,1,5,3,4,0,0,3,8,1,1,0,0,L
Fares Ziam,0,31,48,64%,58,82,0,0,---,1,2,4:30,23,38,6,7,2,3,5,15,2,3,24,30,W
Ronaldo Rodriguez,0,31,69,44%,50,93,0,0,---,1,3,2:56,19,55,7,9,5,5,13,43,5,7,13,19,W
Denys Bondar,0,41,63,65%,46,77,4,6,66%,0,1,2:52,22,39,8,13,11,11,32,51,3,4,6,8,L
Victor Altamirano,0,40,74,54%,52,97,9,11,81%,0,0,5:02,7,33,23,31,10,10,29,62,10,10,1,2,L
Felipe dos Santos,0,37,87,42%,62,120,0,0,---,1,0,0:51,24,66,8,16,5,5,31,73,5,11,1,3,W
Erik Silva,0,0,1,0%,0,1,0,0,---,0,0,0:13,0,0,0,0,0,1,0,1,0,0,0,0,L
Muhammad Naimov,0,1,2,50%,3,4,1,1,100%,0,0,0:11,1,2,0,0,0,0,1,2,0,0,0,0,W
Alexander Volkanovski,0,47,107,43%,47,107,0,0,---,0,0,0:00,21,68,11,22,15,17,44,102,3,5,0,0,L
Ilia Topuria,1,35,77,45%,36,78,0,0,---,0,0,0:03,17,53,12,16,6,8,28,70,4,4,3,3,W
Robert Whittaker,0,95,175,54%,95,175,0,1,0%,0,0,0:00,63,143,4,4,28,28,95,172,0,3,0,0,W
Paulo Costa,0,67,151,44%,67,151,0,0,---,0,0,0:00,39,117,8,12,20,22,67,151,0,0,0,0,L
Geoff Neal,0,46,89,51%,57,102,0,0,---,0,0,3:45,25,64,10,13,11,12,38,79,8,10,0,0,L
Ian Machado Garry,0,67,135,49%,80,148,0,0,---,0,0,0:12,39,96,18,27,10,12,65,133,2,2,0,0,W
Merab Dvalishvili,0,74,172,43%,167,273,5,11,45%,1,0,4:23,44,128,20,34,10,10,51,134,13,24,10,14,W
Henry Cejudo,0,29,78,37%,54,106,1,7,14%,0,0,2:05,13,54,5,11,11,13,24,68,5,10,0,0,L
Anthony Hernandez,0,34,77,44%,39,82,3,14,21%,2,0,4:05,28,68,4,6,2,3,24,65,8,10,2,2,W
Roman Kopylov,0,35,57,61%,41,63,0,0,---,0,0,0:00,21,43,8,8,6,6,34,56,1,1,0,0,L
Amanda Lemos,1,41,80,51%,47,86,2,2,100%,0,0,4:02,26,62,8,10,7,8,24,56,1,2,16,22,W
Mackenzie Dern,0,21,54,38%,50,85,1,3,33%,0,2,6:00,21,51,0,2,0,1,13,42,0,1,8,11,L
Marcos Rogerio de Lima,1,33,46,71%,63,78,1,3,33%,0,0,3:26,19,31,2,2,12,13,22,32,1,1,10,13,W
Junior Tafa,0,11,27,40%,17,33,0,0,---,0,0,0:00,9,24,1,2,1,1,10,26,0,0,1,1,L
Rinya Nakamura,0,38,70,54%,73,114,3,3,100%,0,0,13:03,30,61,6,7,2,2,7,9,1,1,30,60,W
Carlos Vera,0,12,25,48%,55,79,0,0,---,0,0,0:00,7,19,1,2,4,4,6,15,1,2,5,8,L
Zhang Mingyang,1,17,28,60%,17,28,0,0,---,0,0,0:02,13,19,2,5,2,4,14,25,0,0,3,3,W
Brendson Ribeiro,0,14,31,45%,14,31,0,0,---,0,0,0:00,14,31,0,0,0,0,14,31,0,0,0,0,L
Josh Quinlan,0,39,90,43%,39,90,0,1,0%,0,0,0:00,22,68,14,18,3,4,39,90,0,0,0,0,L
Danny Barlow,1,95,185,51%,96,186,0,0,---,0,0,0:13,77,161,13,18,5,6,88,175,1,2,6,8,W
Oban Elliott,0,70,111,63%,136,188,3,5,60%,0,0,8:58,60,96,7,11,3,4,33,65,3,3,34,43,W
Val Woodburn,1,23,61,37%,30,70,2,2,100%,0,1,1:56,19,55,2,4,2,2,15,46,5,10,3,5,L
Andrea Lee,0,36,102,35%,59,126,2,3,66%,1,0,0:42,14,72,13,19,9,11,32,96,3,3,1,3,L
Miranda Maverick,0,66,136,48%,106,180,3,8,37%,0,0,3:05,28,89,16,25,22,22,60,128,6,8,0,0,W
Jack Hermansson,0,121,235,51%,188,327,1,2,50%,0,0,3:08,74,174,15,23,32,38,111,219,5,6,5,10,W
Joe Pyfer,0,92,250,36%,95,254,0,6,0%,0,0,0:50,56,196,25,34,11,20,92,250,0,0,0,0,L
Dan Ige,1,11,19,57%,11,19,0,0,---,0,0,0:01,4,11,2,3,5,5,10,18,0,0,1,1,W
Andre Fili,0,8,33,24%,8,33,0,0,---,0,0,0:00,7,28,1,5,0,0,8,33,0,0,0,0,L
Robert Bryczek,0,32,133,24%,41,143,0,0,---,0,0,0:30,19,103,10,24,3,6,30,127,2,6,0,0,L
Ihor Potieria,1,67,168,39%,77,181,0,4,0%,0,0,2:37,47,139,5,12,15,17,61,156,6,12,0,0,W
Brad Tavares,0,37,84,44%,42,90,0,0,---,0,0,0:00,28,70,4,9,5,5,36,83,1,1,0,0,L
Gregory Rodrigues,0,71,123,57%,79,135,2,6,33%,0,0,3:18,53,102,8,9,10,12,64,114,7,9,0,0,W
Michael Johnson,0,61,112,54%,80,138,4,8,50%,0,0,6:02,16,47,36,52,9,13,58,109,0,0,3,3,W
Darrius Flowers,0,33,64,51%,52,86,0,2,0%,0,0,0:43,10,31,9,12,14,21,29,60,1,1,3,3,L
Rodolfo Vieira,0,6,11,54%,14,21,3,3,100%,1,0,2:46,4,6,0,2,2,3,6,11,0,0,0,0,W
Armen Petrosyan,0,9,20,45%,14,25,0,0,---,0,0,0:00,1,10,1,3,7,7,9,20,0,0,0,0,L
Trevin Giles,0,68,102,66%,70,105,0,2,0%,0,0,1:28,25,51,2,2,41,49,67,100,1,2,0,0,L
Carlos Prates,1,37,72,51%,38,73,0,0,---,0,0,0:00,3,24,18,26,16,22,37,72,0,0,0,0,W
Bolaji Oki,0,60,152,39%,61,157,1,1,100%,0,0,1:49,51,139,5,8,4,5,58,145,1,4,1,3,W
Timmy Cuamba,0,33,94,35%,35,96,1,6,16%,0,0,1:55,20,67,8,14,5,13,26,86,5,6,2,2,L
Loma Lookboonmee,0,58,112,51%,73,131,1,2,50%,0,0,0:55,15,52,29,38,14,22,47,98,11,14,0,0,W
Bruna Brasil,0,28,63,44%,52,99,1,2,50%,0,0,2:29,9,39,12,16,7,8,22,55,6,8,0,0,L
Devin Clark,0,53,127,41%,53,127,0,2,0%,0,0,0:14,36,106,13,16,4,5,49,120,4,7,0,0,L
Marcin Prachnio,0,101,189,53%,112,204,1,1,100%,0,0,0:44,42,113,37,51,22,25,78,156,23,33,0,0,W
Max Griffin,0,26,53,49%,36,65,1,2,50%,0,0,1:40,21,48,4,4,1,1,24,51,2,2,0,0,W
Jeremiah Wells,0,32,86,37%,43,97,1,2,50%,0,0,1:40,27,76,5,7,0,3,32,85,0,1,0,0,L
Zac Pauga,0,17,26,65%,19,28,0,2,0%,0,0,1:04,7,13,2,5,8,8,14,22,3,4,0,0,L
Bogdan Guskov,1,10,29,34%,25,44,0,0,---,0,0,0:04,10,29,0,0,0,0,10,29,0,0,0,0,W
Fernie Garcia,0,26,79,32%,31,87,0,0,---,0,1,0:56,22,75,3,3,1,1,25,78,1,1,0,0,L
Hyder Amil,1,79,144,54%,109,194,1,3,33%,2,1,2:20,60,121,14,17,5,6,58,109,3,9,18,26,W
Daniel Marcos,0,81,126,64%,84,129,0,0,---,0,0,0:28,50,84,12,19,19,23,69,113,5,6,7,7,NC
Aoriqileng,0,45,95,47%,45,96,0,0,---,0,0,0:38,26,71,10,12,9,12,43,93,2,2,0,0,NC
Daniel Marcos,0,81,126,64%,84,129,0,0,---,0,0,0:28,50,84,12,19,19,23,69,113,5,6,7,7,NC
Aoriqileng,0,45,95,47%,45,96,0,0,---,0,0,0:38,26,71,10,12,9,12,43,93,2,2,0,0,NC
Roman Dolidze,0,34,152,22%,59,190,0,4,0%,0,1,10:11,14,113,8,13,12,26,32,145,2,7,0,0,L
Nassourdine Imavov,1,112,189,59%,154,248,0,0,---,1,0,3:52,71,132,24,38,17,19,67,129,13,16,32,44,W
Renato Moicano,0,23,42,54%,142,177,3,6,50%,0,0,10:33,20,39,2,2,1,1,10,27,1,2,12,13,W
Drew Dober,0,23,59,38%,36,73,1,2,50%,0,0,1:02,17,50,4,7,2,2,19,52,1,1,3,6,L
Randy Brown,1,13,46,28%,13,46,0,0,---,0,0,0:03,6,33,1,5,6,8,12,45,0,0,1,1,W
Muslim Salikhov,0,10,22,45%,10,22,0,0,---,0,0,0:00,0,9,1,2,9,11,10,22,0,0,0,0,L
Viviane Araujo,0,26,67,38%,63,110,1,9,11%,0,0,6:01,20,58,1,3,5,6,25,66,1,1,0,0,L
Natalia Silva,0,38,128,29%,65,157,0,1,0%,0,0,0:00,24,103,8,16,6,9,38,128,0,0,0,0,W
Aliaskhab Khizriev,0,1,2,50%,1,2,0,0,---,0,0,0:00,0,1,1,1,0,0,1,2,0,0,0,0,NC
Makhmud Muradov,0,1,1,100%,1,1,0,0,---,0,0,0:00,0,0,1,1,0,0,1,1,0,0,0,0,NC
Aliaskhab Khizriev,0,1,2,50%,1,2,0,0,---,0,0,0:00,0,1,1,1,0,0,1,2,0,0,0,0,NC
Makhmud Muradov,0,1,1,100%,1,1,0,0,---,0,0,0:00,0,0,1,1,0,0,1,1,0,0,0,0,NC
Gilbert Urbina,0,16,38,42%,16,38,0,1,0%,0,0,0:05,4,17,6,10,6,11,16,38,0,0,0,0,L
Charles Radtke,2,30,47,63%,33,51,0,0,---,0,0,0:08,23,40,0,0,7,7,27,43,0,0,3,4,W
Molly McCann,0,42,91,46%,43,92,2,2,100%,1,0,1:08,27,71,14,19,1,1,34,76,2,4,6,11,W
Diana Belbita,0,29,77,37%,29,77,0,0,---,0,0,0:00,9,46,13,23,7,8,24,72,5,5,0,0,L
Azat Maksum,1,38,163,23%,40,166,2,7,28%,1,1,2:29,25,142,6,11,7,10,36,160,2,3,0,0,L
Charles Johnson,0,76,140,54%,81,149,2,6,33%,3,0,0:47,29,76,20,27,27,37,66,127,7,9,3,4,W
Themba Gorimbo,1,12,18,66%,12,18,0,1,0%,0,0,0:05,10,16,1,1,1,1,3,6,2,2,7,10,W
Pete Rodriguez,0,0,5,0%,0,5,0,0,---,0,0,0:00,0,3,0,1,0,1,0,5,0,0,0,0,L
JeongYeong Lee,0,49,82,59%,75,121,2,3,66%,0,0,4:29,33,62,14,18,2,2,21,40,11,11,17,31,W
Blake Bilder,0,19,54,35%,36,77,0,3,0%,0,0,5:18,3,27,2,5,14,22,8,40,10,13,1,1,L
Luana Carolina,0,66,136,48%,138,230,2,3,66%,0,0,5:27,41,96,15,26,10,14,28,75,13,20,25,41,W
Julija Stoliarenko,0,16,59,27%,21,68,1,5,20%,3,0,3:47,7,40,6,10,3,9,11,51,5,8,0,0,L
Landon Quinones,0,55,149,36%,78,176,1,3,33%,0,0,2:04,41,115,11,26,3,8,54,145,1,4,0,0,L
MarQuel Mederos,0,60,146,41%,74,165,0,5,0%,0,0,4:13,28,103,18,26,14,17,55,141,5,5,0,0,W
Thomas Petersen,0,58,86,67%,116,153,1,6,16%,0,0,2:47,26,50,30,34,2,2,54,81,4,5,0,0,L
Jamal Pogues,0,65,124,52%,66,125,0,0,---,0,0,0:04,43,94,15,23,7,7,56,111,9,13,0,0,W
Sean Strickland,0,173,408,42%,183,419,0,0,---,0,0,0:00,157,387,10,15,6,6,173,408,0,0,0,0,L
Dricus Du Plessis,0,137,354,38%,140,358,6,11,54%,0,0,2:08,81,283,32,37,24,34,134,348,3,5,0,1,W
Raquel Pennington,0,134,201,66%,265,342,1,3,33%,2,2,11:28,91,156,32,34,11,11,54,110,38,43,42,48,W
Mayra Bueno Silva,0,69,88,78%,96,118,3,9,33%,3,0,8:58,32,44,26,30,11,14,28,45,38,40,3,3,L
Neil Magny,0,57,102,55%,110,159,1,2,50%,0,0,1:47,52,95,3,3,2,4,13,44,0,2,44,56,W
Mike Malott,0,45,67,67%,100,128,4,6,66%,0,0,6:02,19,40,4,4,22,23,30,49,0,0,15,18,L
Chris Curtis,0,140,258,54%,144,262,0,0,---,0,0,0:00,101,210,35,44,4,4,116,230,24,28,0,0,W
Marc-Andre Barriault,0,122,243,50%,124,245,0,0,---,0,0,0:00,77,189,33,42,12,12,105,218,17,25,0,0,L
Arnold Allen,0,59,140,42%,61,143,0,0,---,1,0,0:03,41,115,17,24,1,1,46,124,9,12,4,4,L
Movsar Evloev,0,51,118,43%,72,141,5,17,29%,0,0,3:31,35,101,12,13,4,4,45,110,5,7,1,1,W
Brad Katona,0,64,155,41%,76,172,4,9,44%,0,0,4:35,49,138,8,9,7,8,46,126,17,28,1,1,L
Garrett Armfield,0,105,168,62%,130,193,0,1,0%,0,0,0:00,74,131,21,27,10,10,99,162,6,6,0,0,W
Charles Jourdain,0,60,156,38%,78,175,0,4,0%,1,0,1:58,19,98,20,32,21,26,52,147,8,9,0,0,L
Sean Woodson,0,80,168,47%,102,193,1,3,33%,0,0,0:39,59,143,10,13,11,12,70,156,8,9,2,3,W
Serhiy Sidey,0,79,226,34%,81,229,0,4,0%,0,0,0:24,51,181,20,36,8,9,73,218,6,8,0,0,L
Ramon Taveras,1,62,147,42%,62,148,0,0,---,0,0,0:06,48,131,8,10,6,6,60,144,1,1,1,2,W
Gillian Robertson,0,23,39,58%,49,91,2,2,100%,1,0,6:06,20,35,0,0,3,4,5,13,0,0,18,26,W
Polyana Viana,0,12,41,29%,33,66,0,0,---,0,0,0:27,10,37,2,3,0,1,9,37,0,0,3,4,L
Yohan Lainesse,0,1,9,11%,1,9,0,0,---,0,0,0:05,1,8,0,0,0,1,1,9,0,0,0,0,L
Sam Patterson,0,5,10,50%,5,10,1,1,100%,1,0,0:41,5,10,0,0,0,0,5,10,0,0,0,0,W
Jasmine Jasudavicius,1,93,120,77%,326,398,2,5,40%,3,0,11:25,84,109,6,8,3,3,23,34,2,3,68,83,W
Priscila Cachoeira,0,24,50,48%,26,52,0,0,---,0,0,0:05,19,44,3,4,2,2,20,45,0,0,4,5,L
Malcolm Gordon,0,37,70,52%,74,116,1,1,100%,1,0,4:13,35,67,2,3,0,0,18,41,5,5,14,24,L
Jimmy Flick,0,3,7,42%,7,11,1,4,25%,4,0,1:07,2,5,0,1,1,1,3,7,0,0,0,0,W
Magomed Ankalaev,1,39,58,67%,39,58,0,0,---,0,0,0:05,8,22,6,7,25,29,38,57,0,0,1,1,W
Johnny Walker,0,24,71,33%,26,73,0,0,---,0,0,0:00,2,34,3,6,19,31,24,71,0,0,0,0,L
Jim Miller,0,80,140,57%,96,157,2,2,100%,1,0,3:55,50,108,10,12,20,20,67,125,5,7,8,8,W
Gabriel Benitez,0,80,182,43%,84,188,0,0,---,0,0,0:01,51,145,13,21,16,16,79,181,1,1,0,0,L
Ricky Simon,0,45,108,41%,52,115,2,13,15%,0,0,3:00,33,95,4,4,8,9,44,106,1,2,0,0,L
Mario Bautista,0,112,270,41%,118,276,0,3,0%,0,0,0:14,76,219,31,42,5,9,110,266,2,3,0,1,W
Phil Hawes,0,13,27,48%,13,28,0,1,0%,0,0,0:00,8,18,4,7,1,2,12,24,1,3,0,0,L
Brunno Ferreira,1,19,43,44%,24,49,1,4,25%,0,0,1:37,18,38,0,4,1,1,15,33,0,3,4,7,W
Andrei Arlovski,0,58,127,45%,58,127,0,0,---,0,0,0:00,13,63,22,40,23,24,58,127,0,0,0,0,L
Waldo Cortes-Acosta,0,49,136,36%,50,137,0,0,---,0,0,0:00,24,97,11,19,14,20,46,131,3,5,0,0,W
Matthew Semelsberger,0,28,69,40%,33,77,1,2,50%,2,0,3:08,18,55,4,8,6,6,23,60,3,7,2,2,L
Preston Parsons,0,47,87,54%,116,165,7,11,63%,2,1,6:26,25,62,9,11,13,14,25,59,11,13,11,15,W
Marcus McGhee,1,65,123,52%,74,134,1,3,33%,0,0,1:47,57,114,7,8,1,1,52,108,3,4,10,11,W
Gaston Bolanos,0,28,81,34%,28,82,0,0,---,0,0,0:04,14,57,7,14,7,10,28,81,0,0,0,0,L
Farid Basharat,0,42,100,42%,55,116,5,16,31%,1,0,6:58,14,53,7,19,21,28,39,92,2,5,1,3,W
Taylor Lapilus,0,40,93,43%,41,94,0,0,---,0,0,0:02,24,67,11,16,5,10,34,86,2,3,4,4,L
Westin Wilson,0,11,36,30%,11,36,0,3,0%,0,0,0:04,8,28,0,5,3,3,11,35,0,1,0,0,L
Jean Silva,1,25,36,69%,25,36,1,1,100%,0,0,0:08,24,32,1,4,0,0,23,34,2,2,0,0,W
Nikolas Motta,1,21,40,52%,21,40,0,0,---,0,0,0:09,19,35,2,5,0,0,8,19,0,1,13,20,W
Tom Nolan,0,12,20,60%,12,20,0,0,---,0,0,0:00,5,13,5,5,2,2,11,18,1,2,0,0,L
Joshua Van,1,83,141,58%,154,222,1,1,100%,0,0,1:14,63,116,15,19,5,6,61,115,9,11,13,15,W
Felipe Bunes,0,50,91,54%,57,101,2,6,33%,0,0,2:02,29,64,11,16,10,11,49,90,1,1,0,0,L
Leon Edwards,0,57,108,52%,65,116,2,3,66%,2,1,1:27,21,62,14,21,22,25,56,107,0,0,1,1,W
Colby Covington,0,44,126,34%,109,194,2,10,20%,0,0,5:04,20,86,7,12,17,28,44,125,0,1,0,0,L
Alexandre Pantoja,0,95,156,60%,126,195,8,14,57%,1,0,15:51,49,101,22,30,24,25,74,130,5,6,16,20,W
Brandon Royval,0,111,204,54%,281,390,0,1,0%,0,2,0:47,102,193,7,9,2,2,91,177,5,6,15,21,L
Shavkat Rakhmonov,0,28,36,77%,73,88,1,5,20%,2,0,7:45,24,31,4,5,0,0,5,8,10,15,13,13,W
Stephen Thompson,0,16,25,64%,26,37,0,0,---,0,0,0:00,6,15,7,7,3,3,13,22,1,1,2,2,L
Tony Ferguson,0,62,105,59%,90,134,0,0,---,0,0,0:00,35,66,23,35,4,4,51,91,0,0,11,14,L
Paddy Pimblett,1,106,165,64%,151,217,1,4,25%,0,0,8:53,73,127,13,17,20,21,66,109,0,0,40,56,W
Josh Emmett,1,2,10,20%,2,10,0,0,---,0,0,0:00,1,4,1,5,0,1,2,10,0,0,0,0,W
Bryce Mitchell,0,0,3,0%,0,3,0,0,---,0,0,0:00,0,1,0,0,0,2,0,3,0,0,0,0,L
Alonzo Menifield,1,68,117,58%,95,145,1,2,50%,0,0,2:03,58,104,2,4,8,9,51,94,14,20,3,3,W
Dustin Jacoby,0,93,150,62%,113,171,0,0,---,0,0,2:08,69,122,15,18,9,10,78,135,15,15,0,0,L
Irene Aldana,0,145,308,47%,145,308,0,0,---,0,0,0:00,122,276,20,28,3,4,145,308,0,0,0,0,W
Karol Rosa,0,204,350,58%,204,350,0,1,0%,0,0,0:00,103,237,6,11,95,102,204,349,0,1,0,0,L
Cody Garbrandt,1,20,41,48%,21,42,0,0,---,0,0,0:19,16,37,2,2,2,2,16,35,4,6,0,0,W
Brian Kelleher,0,17,25,68%,21,29,0,1,0%,0,0,0:36,9,13,1,3,7,9,17,24,0,1,0,0,L
Casey O'Neill,0,31,74,41%,32,75,0,2,0%,0,0,0:20,17,57,3,3,11,14,29,72,2,2,0,0,L
Ariane Lipski,0,64,127,50%,86,152,1,1,100%,1,0,0:58,45,106,16,18,3,3,37,95,9,11,18,21,W
Tagir Ulanbekov,1,24,41,58%,45,63,2,2,100%,5,1,6:03,19,35,4,5,1,1,15,32,5,5,4,4,W
Cody Durden,0,32,43,74%,55,67,0,0,---,0,0,0:36,22,31,3,3,7,9,24,34,3,4,5,5,L
Andre Fili,1,20,36,55%,25,42,0,0,---,0,0,0:15,16,29,3,6,1,1,8,21,0,0,12,15,W
Lucas Almeida,0,10,25,40%,10,25,0,0,---,0,0,0:00,1,11,0,1,9,13,10,25,0,0,0,0,L
Martin Buday,0,8,20,40%,13,26,0,2,0%,0,0,0:20,8,19,0,1,0,0,8,17,0,3,0,0,L
Shamil Gaziev,0,49,98,50%,60,114,0,0,---,0,0,2:18,35,79,14,19,0,0,35,73,5,10,9,15,W
Song Yadong,0,77,165,46%,160,283,2,3,66%,0,0,11:01,35,100,12,20,30,45,49,127,4,6,24,32,W
Chris Gutierrez,0,87,145,60%,105,165,0,2,0%,0,0,0:00,8,39,3,15,76,91,87,145,0,0,0,0,L
Anthony Smith,0,47,84,55%,52,89,0,2,0%,0,0,0:11,27,62,14,16,6,6,46,83,1,1,0,0,L
Khalil Rountree Jr.,1,53,114,46%,56,118,0,0,---,0,0,0:58,33,94,14,14,6,6,51,109,1,3,1,2,W
Nasrat Haqparast,2,16,29,55%,18,31,0,0,---,0,0,0:05,14,27,2,2,0,0,4,13,6,8,6,8,W
Jamie Mullarkey,0,8,23,34%,8,23,0,0,---,0,0,0:00,3,16,2,4,3,3,8,23,0,0,0,0,L
Tim Elliott,0,10,21,47%,26,37,1,3,33%,1,0,2:05,6,13,0,1,4,7,8,18,2,2,0,1,W
Sumudaerji,0,10,25,40%,10,25,0,0,---,0,0,0:00,6,19,3,4,1,2,10,25,0,0,0,0,L
JunYong Park,0,27,60,45%,52,96,0,0,---,0,2,2:58,21,54,3,3,3,3,11,25,0,0,16,35,L
Andre Muniz,0,14,30,46%,35,60,11,14,78%,0,1,9:34,10,25,3,4,1,1,13,29,0,0,1,1,W
Song Kenan,0,62,156,39%,88,188,0,1,0%,0,0,0:00,43,128,8,10,11,18,55,145,7,11,0,0,L
Kevin Jousset,0,134,235,57%,158,263,1,2,50%,0,0,1:26,78,171,15,20,41,44,121,219,13,16,0,0,W
HyunSung Park,2,50,124,40%,65,154,0,1,0%,0,0,3:21,33,101,11,15,6,8,36,88,6,14,8,22,W
Shannon Ross,0,47,115,40%,61,135,0,0,---,0,0,0:00,25,88,9,12,13,15,46,107,1,8,0,0,L
Steve Garcia,1,29,49,59%,41,66,0,0,---,1,0,0:46,26,45,2,3,1,1,4,10,3,8,22,31,W
Melquizael Costa,0,6,10,60%,20,25,2,10,20%,0,0,4:41,1,5,2,2,3,3,2,3,4,7,0,0,L
Luana Santos,0,53,104,50%,97,161,2,4,50%,0,0,7:44,20,61,22,29,11,14,50,95,3,9,0,0,W
Stephanie Egger,0,44,115,38%,112,193,1,1,100%,0,0,1:06,31,97,13,17,0,1,29,96,15,19,0,0,L
Tatsuro Taira,1,33,43,76%,44,60,0,0,---,0,0,3:36,30,40,1,1,2,2,7,8,0,1,26,34,W
Carlos Hernandez,0,2,4,50%,2,4,0,2,0%,0,0,0:53,2,4,0,0,0,0,2,4,0,0,0,0,L
Rayanne Amanda,0,57,130,43%,80,156,0,1,0%,0,0,0:14,41,104,11,17,5,9,45,117,11,12,1,1,L
Talita Alencar,0,36,157,22%,48,176,1,9,11%,0,0,2:44,21,125,12,25,3,7,21,133,8,12,7,12,W
Beneil Dariush,0,2,8,25%,2,8,0,0,---,0,0,0:00,0,5,0,1,2,2,2,8,0,0,0,0,L
Arman Tsarukyan,1,8,15,53%,8,15,0,0,---,0,0,0:03,8,15,0,0,0,0,4,10,2,2,2,3,W
Jalin Turner,1,33,60,55%,33,60,0,0,---,0,0,0:12,26,48,2,4,5,8,18,41,0,0,15,19,W
Bobby Green,0,15,26,57%,15,26,0,0,---,0,0,0:02,5,14,3,4,7,8,14,24,1,2,0,0,L
Rob Font,0,46,94,48%,48,96,0,2,0%,0,0,0:22,39,85,5,6,2,3,44,92,2,2,0,0,L
Deiveson Figueiredo,0,45,74,60%,53,84,4,7,57%,0,0,4:02,35,64,7,7,3,3,33,60,6,7,6,7,W
Sean Brady,0,14,24,58%,97,130,5,5,100%,3,0,9:06,8,16,1,2,5,6,7,15,1,1,6,8,W
Kelvin Gastelum,0,18,32,56%,21,35,0,0,---,0,1,0:19,7,19,7,8,4,5,13,23,4,5,1,4,L
Clay Guida,0,43,134,32%,63,155,2,11,18%,0,0,4:23,19,103,14,20,10,11,36,127,7,7,0,0,L
Joaquim Silva,0,46,91,50%,85,141,2,3,66%,2,0,2:35,33,72,9,15,4,4,28,64,15,19,3,8,W
Punahele Soriano,0,31,73,42%,33,76,0,0,---,0,0,0:00,18,56,9,11,4,6,30,72,1,1,0,0,L
Dustin Stoltzfus,1,64,123,52%,78,140,4,7,57%,1,0,2:12,24,79,23,27,17,17,60,116,4,7,0,0,W
Miesha Tate,0,32,37,86%,127,152,4,5,80%,1,0,10:55,31,35,1,1,0,1,5,8,0,0,27,29,W
Julia Avila,0,3,11,27%,11,21,0,0,---,0,0,0:00,3,11,0,0,0,0,3,11,0,0,0,0,L
Zach Reese,0,4,5,80%,10,12,0,0,---,1,0,0:00,3,4,0,0,1,1,1,2,1,1,2,2,L
Cody Brundage,0,9,12,75%,12,16,1,1,100%,0,0,1:25,7,10,1,1,1,1,4,4,0,0,5,8,W
Drakkar Klose,0,2,2,100%,8,9,0,0,---,0,1,0:40,1,1,0,0,1,1,1,1,0,0,1,1,W
Joe Solecki,0,1,1,100%,9,13,1,2,50%,0,0,0:53,1,1,0,0,0,0,1,1,0,0,0,0,L
Rodolfo Bellato,0,80,131,61%,99,160,1,4,25%,0,0,2:49,70,116,9,12,1,3,18,46,11,14,51,71,W
Ihor Potieria,1,73,127,57%,92,153,0,0,---,0,0,1:41,58,111,9,10,6,6,38,73,12,21,23,33,L
Wellington Turman,0,37,57,64%,46,73,1,1,100%,0,0,1:40,27,47,2,2,8,8,32,49,2,2,3,6,L
Jared Gooden,0,53,83,63%,62,95,1,1,100%,1,0,0:31,33,59,14,18,6,6,43,72,1,1,9,10,W
Veronica Hardy,0,43,101,42%,61,122,1,2,50%,0,0,1:34,29,86,11,11,3,4,30,81,13,20,0,0,W
Jamey-Lyn Horth,0,43,87,49%,74,125,1,3,33%,0,0,3:59,16,49,20,26,7,12,23,59,20,28,0,0,L
Brendan Allen,0,32,43,74%,52,64,2,2,100%,2,0,7:58,26,37,3,3,3,3,12,17,1,2,19,24,W
Paul Craig,0,6,14,42%,13,21,0,2,0%,1,0,0:34,3,10,1,1,2,3,6,13,0,0,0,1,L
Michael Morales,0,84,208,40%,84,208,0,1,0%,0,0,0:07,45,157,12,17,27,34,80,197,4,11,0,0,W
Jake Matthews,0,57,149,38%,57,149,0,1,0%,0,0,0:03,33,109,17,24,7,16,54,146,3,3,0,0,L
Chase Hooper,0,1,3,33%,13,18,0,0,---,1,0,0:57,1,3,0,0,0,0,0,2,0,0,1,1,W
Jordan Leavitt,0,3,4,75%,5,10,0,2,0%,0,1,0:59,2,3,1,1,0,0,0,0,1,1,2,3,L
Payton Talbott,0,28,53,52%,58,90,0,0,---,1,0,3:25,22,46,4,5,2,2,12,27,0,0,16,26,W
Nick Aguirre,0,5,12,41%,18,29,2,10,20%,0,0,5:46,4,11,1,1,0,0,5,9,0,3,0,0,L
Luana Pinheiro,0,55,116,47%,56,120,1,6,16%,0,0,1:11,36,86,11,18,8,12,51,109,4,6,0,1,L
Amanda Ribas,1,87,224,38%,96,234,0,1,0%,0,0,0:30,57,158,8,29,22,37,81,212,3,6,3,6,W
Uros Medic,0,14,27,51%,17,32,0,0,---,0,0,0:02,10,20,4,7,0,0,5,14,8,12,1,1,L
Myktybek Orolbai,0,8,20,40%,16,31,7,10,70%,1,0,7:26,6,16,0,0,2,4,3,8,1,1,4,11,W
Jonathan Pearce,0,14,16,87%,81,96,1,4,25%,0,1,6:15,6,6,2,4,6,6,3,4,7,8,4,4,L
Joanderson Brito,0,8,20,40%,33,47,1,1,100%,1,0,1:58,4,15,3,4,1,1,4,12,2,3,2,5,W
Chad Anheliger,0,26,71,36%,47,103,4,8,50%,0,1,6:18,14,49,6,13,6,9,19,54,4,6,3,11,L
Jose Johnson,0,63,108,58%,141,198,1,2,50%,1,2,4:20,42,78,15,18,6,12,25,53,10,17,28,38,W
Christian Leroy Duncan,1,65,87,74%,90,123,0,2,0%,0,0,4:51,44,65,8,9,13,13,46,65,16,17,3,5,W
Denis Tiuliulin,0,30,71,42%,37,81,0,0,---,0,0,0:00,19,57,6,8,5,6,26,66,4,5,0,0,L
Mick Parkin,0,39,98,39%,69,139,3,10,30%,0,1,6:23,33,91,2,3,4,4,34,92,3,3,2,3,W
Caio Machado,0,76,132,57%,103,164,0,1,0%,0,0,0:20,41,95,24,26,11,11,68,121,6,9,2,2,L
Jeka Saragih,1,4,9,44%,4,9,1,1,100%,0,0,0:05,3,6,1,2,0,1,2,6,0,0,2,3,W
Lucas Alexander,0,11,16,68%,11,16,0,1,0%,0,0,0:00,6,10,2,3,3,3,11,16,0,0,0,0,L
Lucie Pudilova,0,20,42,47%,41,67,0,0,---,1,0,4:09,13,31,7,9,0,2,5,25,9,10,6,7,L
Ailin Perez,0,42,74,56%,123,180,2,8,25%,0,0,8:36,31,57,5,7,6,10,12,27,3,6,27,41,W
Trey Ogden,0,58,83,69%,96,128,3,16,18%,1,0,4:28,49,74,6,6,3,3,44,65,13,17,1,1,NC
Nikolas Motta,0,14,80,17%,16,82,0,0,---,0,0,0:00,8,73,5,6,1,1,14,80,0,0,0,0,NC
Trey Ogden,0,58,83,69%,96,128,3,16,18%,1,0,4:28,49,74,6,6,3,3,44,65,13,17,1,1,NC
Nikolas Motta,0,14,80,17%,16,82,0,0,---,0,0,0:00,8,73,5,6,1,1,14,80,0,0,0,0,NC
Charles Johnson,0,72,109,66%,116,161,0,0,---,0,1,0:43,38,69,27,33,7,7,53,80,18,26,1,3,L
Rafael Estevam,0,18,43,41%,35,77,3,22,13%,1,0,9:23,10,28,6,12,2,3,11,31,3,5,4,7,W
Jiri Prochazka,0,30,53,56%,44,70,1,3,33%,0,0,2:45,18,37,7,10,5,6,26,49,2,2,2,2,L
Alex Pereira,1,38,61,62%,49,72,0,0,---,1,0,0:08,21,38,5,8,12,15,22,43,4,4,12,14,W
Sergei Pavlovich,0,1,7,14%,1,7,0,0,---,0,0,0:00,1,7,0,0,0,0,1,7,0,0,0,0,L
Tom Aspinall,1,10,14,71%,10,14,0,0,---,0,0,0:02,7,10,0,1,3,3,7,11,0,0,3,3,W
Jessica Andrade,4,53,107,49%,53,107,0,0,---,0,0,0:13,27,76,7,9,19,22,43,90,6,12,4,5,W
Mackenzie Dern,0,49,114,42%,50,115,0,4,0%,0,0,0:00,38,100,6,9,5,5,47,109,2,5,0,0,L
Matt Frevola,0,5,9,55%,7,12,2,2,100%,0,0,0:25,2,6,3,3,0,0,4,8,1,1,0,0,L
Benoit Saint Denis,1,6,11,54%,10,15,0,0,---,0,1,0:19,3,7,1,2,2,2,4,9,0,0,2,2,W
Diego Lopes,1,13,18,72%,13,18,0,1,0%,0,0,0:02,11,15,2,2,0,1,4,8,3,3,6,7,W
Pat Sabatini,0,7,12,58%,10,16,0,2,0%,0,0,0:00,3,7,3,4,1,1,5,10,1,1,1,1,L
Steve Erceg,0,74,125,59%,104,162,1,8,12%,1,1,6:29,41,87,25,30,8,8,43,91,26,28,5,6,W
Alessandro Costa,0,54,97,55%,85,129,1,6,16%,0,0,1:14,31,70,14,17,9,10,35,76,19,21,0,0,L
Tabatha Ricci,0,84,224,37%,91,232,0,6,0%,0,0,1:22,68,197,8,11,8,16,78,218,4,4,2,2,L
Loopy Godinez,0,98,221,44%,101,225,0,1,0%,0,0,0:03,81,200,15,19,2,2,85,207,11,12,2,2,W
Mateusz Rebecki,0,10,16,62%,28,38,2,2,100%,1,0,2:14,7,11,0,1,3,4,3,9,0,0,7,7,W
Roosevelt Roberts,0,2,7,28%,6,12,0,0,---,0,1,0:13,1,5,0,1,1,1,2,7,0,0,0,0,L
Nazim Sadykhov,1,91,207,43%,109,228,4,7,57%,0,0,3:32,65,172,19,26,7,9,66,175,5,8,20,24,D
Viacheslav Borshchev,0,143,241,59%,144,242,0,0,---,0,0,0:10,87,178,30,34,26,29,141,239,2,2,0,0,D
Nazim Sadykhov,1,91,207,43%,109,228,4,7,57%,0,0,3:32,65,172,19,26,7,9,66,175,5,8,20,24,D
Viacheslav Borshchev,0,143,241,59%,144,242,0,0,---,0,0,0:10,87,178,30,34,26,29,141,239,2,2,0,0,D
Jared Gordon,1,36,66,54%,54,87,0,0,---,0,0,0:19,27,57,5,5,4,4,22,51,10,11,4,4,W
Mark Madsen,0,35,57,61%,46,69,0,0,---,0,0,1:04,23,44,12,13,0,0,16,37,19,20,0,0,L
John Castaneda,0,111,179,62%,119,187,3,8,37%,0,0,2:18,47,103,30,39,34,37,109,176,2,3,0,0,W
Kyung Ho Kang,0,88,202,43%,88,203,0,0,---,0,0,0:00,59,170,17,19,12,13,82,194,6,8,0,0,L
Joshua Van,0,156,300,52%,165,311,2,4,50%,0,0,1:03,92,227,49,57,15,16,153,295,3,5,0,0,W
Kevin Borjas,0,75,197,38%,78,200,0,3,0%,0,1,0:21,54,170,9,12,12,15,73,193,1,2,1,2,L
Dennis Buzukja,0,3,7,42%,3,7,0,0,---,0,0,0:00,0,4,1,1,2,2,3,7,0,0,0,0,L
Jamall Emmers,1,14,20,70%,14,20,0,0,---,0,0,0:03,8,12,2,4,4,4,10,14,0,0,4,6,W
Jailton Almeida,0,38,56,67%,120,153,6,15,40%,4,1,21:10,32,48,5,5,1,3,5,7,3,8,30,41,W
Derrick Lewis,0,20,39,51%,28,54,0,2,0%,0,0,0:57,17,33,3,6,0,0,2,10,1,1,17,28,L
Gabriel Bonfim,0,39,91,42%,47,103,3,5,60%,1,0,4:19,27,77,3,4,9,10,32,71,3,9,4,11,L
Nicolas Dalby,1,53,113,46%,64,128,0,1,0%,0,0,1:27,41,96,7,11,5,6,25,76,25,33,3,4,W
Rodrigo Nascimento,0,70,154,45%,91,180,0,3,0%,0,0,2:21,51,132,9,11,10,11,58,134,12,20,0,0,W
Don'Tale Mayes,0,79,159,49%,105,190,0,1,0%,0,0,0:39,39,103,30,44,10,12,55,128,24,31,0,0,L
Caio Borralho,1,51,103,49%,70,126,0,1,0%,0,0,2:17,33,73,11,15,7,15,50,102,0,0,1,1,W
Abus Magomedov,0,38,107,35%,39,110,0,0,---,0,0,0:00,19,74,14,24,5,9,38,107,0,0,0,0,L
Elves Brener,1,16,33,48%,16,33,0,0,---,0,0,0:03,6,20,2,3,8,10,16,33,0,0,0,0,W
Kaynan Kruschewsky,0,8,31,25%,8,31,0,0,---,0,0,0:00,6,25,2,6,0,0,8,31,0,0,0,0,L
Rinat Fakhretdinov,1,87,186,46%,109,216,1,9,11%,0,1,4:25,50,144,11,16,26,26,65,156,7,8,15,22,D
Elizeu Zaleski dos Santos,0,75,152,49%,115,211,0,1,0%,1,0,1:24,47,113,17,26,11,13,57,129,2,3,16,20,D
Rinat Fakhretdinov,1,87,186,46%,109,216,1,9,11%,0,1,4:25,50,144,11,16,26,26,65,156,7,8,15,22,D
Elizeu Zaleski dos Santos,0,75,152,49%,115,211,0,1,0%,1,0,1:24,47,113,17,26,11,13,57,129,2,3,16,20,D
Vitor Petrino,1,8,26,30%,14,34,1,2,50%,0,0,2:18,6,23,2,3,0,0,7,21,0,0,1,5,W
Modestas Bukauskas,0,9,19,47%,12,23,0,0,---,0,0,0:00,5,14,0,0,4,5,9,19,0,0,0,0,L
Angela Hill,0,76,120,63%,96,153,5,9,55%,0,1,8:03,37,76,37,42,2,2,40,68,33,44,3,8,W
Denise Gomes,0,62,133,46%,111,203,1,3,33%,0,1,1:03,29,91,25,33,8,9,34,97,27,35,1,1,L
Eduarda Moura,0,57,77,74%,102,139,3,3,100%,0,0,5:57,55,75,2,2,0,0,5,12,1,1,51,64,W
Montserrat Conejo Ruiz,0,5,22,22%,9,29,0,0,---,0,0,0:02,0,15,0,2,5,5,5,22,0,0,0,0,L
Kaue Fernandes,0,23,42,54%,67,92,1,1,100%,0,0,1:27,6,20,8,13,9,9,21,38,2,4,0,0,L
Marc Diakiese,0,13,32,40%,65,92,3,8,37%,0,1,8:38,11,26,2,5,0,1,7,18,2,4,4,10,W
Islam Makhachev,1,24,29,82%,39,46,0,1,0%,0,0,0:19,13,16,9,11,2,2,7,11,8,9,9,9,W
Alexander Volkanovski,0,4,6,66%,11,18,0,0,---,0,0,0:49,0,1,1,1,3,4,3,5,1,1,0,0,L
Kamaru Usman,0,36,66,54%,58,92,0,1,0%,0,0,0:04,27,52,6,10,3,4,33,63,1,1,2,2,L
Khamzat Chimaev,0,38,70,54%,107,143,4,12,33%,1,0,7:16,27,53,3,9,8,8,22,53,0,0,16,17,W
Magomed Ankalaev,0,13,19,68%,16,23,1,1,100%,0,0,1:06,7,13,3,3,3,3,7,11,1,1,5,7,NC
Johnny Walker,0,14,27,51%,17,30,0,0,---,0,0,0:00,4,15,1,2,9,10,14,27,0,0,0,0,NC
Magomed Ankalaev,0,13,19,68%,16,23,1,1,100%,0,0,1:06,7,13,3,3,3,3,7,11,1,1,5,7,NC
Johnny Walker,0,14,27,51%,17,30,0,0,---,0,0,0:00,4,15,1,2,9,10,14,27,0,0,0,0,NC
Ikram Aliskerov,1,26,36,72%,26,36,0,0,---,0,0,0:00,20,29,6,6,0,1,26,36,0,0,0,0,W
Warlley Alves,0,12,16,75%,12,16,0,0,---,0,0,0:00,3,6,1,1,8,9,12,16,0,0,0,0,L
Said Nurmagomedov,0,5,11,45%,5,11,0,0,---,1,0,0:03,2,7,2,2,1,2,5,11,0,0,0,0,W
Muin Gafurov,0,1,3,33%,1,3,0,1,0%,0,0,0:07,0,2,0,0,1,1,1,3,0,0,0,0,L
Tim Elliott,0,30,43,69%,71,87,1,1,100%,2,0,2:23,19,30,10,12,1,1,14,27,8,8,8,8,L
Muhammad Mokaev,0,14,33,42%,118,146,3,6,50%,1,0,8:24,8,21,3,8,3,4,10,29,1,1,3,3,W
Mohammad Yahya,0,43,92,46%,47,96,1,1,100%,1,0,0:24,28,70,14,21,1,1,41,90,2,2,0,0,L
Trevor Peek,0,61,97,62%,83,123,4,7,57%,0,0,5:10,32,61,16,23,13,13,50,83,6,9,5,5,W
Javid Basharat,0,30,43,69%,33,46,1,4,25%,0,0,0:29,8,21,8,8,14,14,26,39,4,4,0,0,NC
Victor Henry,0,25,36,69%,30,41,0,1,0%,0,0,0:14,3,10,6,6,16,20,23,34,2,2,0,0,NC
Javid Basharat,0,30,43,69%,33,46,1,4,25%,0,0,0:29,8,21,8,8,14,14,26,39,4,4,0,0,NC
Victor Henry,0,25,36,69%,30,41,0,1,0%,0,0,0:14,3,10,6,6,16,20,23,34,2,2,0,0,NC
Abu Azaitar,0,41,106,38%,87,153,2,4,50%,0,0,0:32,21,78,13,18,7,10,31,90,3,6,7,10,L
Sedriques Dumas,0,34,79,43%,72,117,1,2,50%,0,0,4:10,11,45,5,11,18,23,31,76,0,0,3,3,W
Mike Breeden,1,92,177,51%,94,181,0,1,0%,0,0,0:01,75,157,11,13,6,7,89,174,2,2,1,1,W
Anshul Jubli,0,103,194,53%,104,195,0,5,0%,0,0,0:05,63,145,27,36,13,13,97,181,6,13,0,0,L
Nathaniel Wood,0,50,72,69%,70,94,2,7,28%,0,0,2:44,37,57,6,7,7,8,36,56,5,6,9,10,L
Muhammad Naimov,0,48,81,59%,100,140,4,9,44%,0,1,6:42,31,60,10,13,7,8,24,48,11,14,13,19,W
Viktoriia Dudakova,1,74,146,50%,109,183,0,3,0%,0,0,0:18,47,115,26,30,1,1,60,131,14,15,0,0,W
Jinh Yu Frey,0,47,101,46%,65,121,1,3,33%,0,0,4:40,31,80,8,13,8,8,37,89,3,4,7,8,L
Shara Magomedov,0,113,154,73%,222,274,0,0,---,0,0,0:00,56,92,22,24,35,38,74,106,15,21,24,27,W
Bruno Silva,0,65,91,71%,107,138,3,7,42%,0,0,6:44,51,76,6,7,8,8,35,56,5,5,25,30,L
Sodiq Yusuff,1,178,351,50%,206,397,1,2,50%,0,0,3:56,126,284,14,20,38,47,148,311,15,18,15,22,L
Edson Barboza,1,164,324,50%,178,347,3,4,75%,0,0,3:04,71,204,89,112,4,8,134,290,25,27,5,7,W
Jennifer Maia,0,41,101,40%,60,126,2,4,50%,0,0,1:25,29,87,2,4,10,10,31,88,10,13,0,0,L
Viviane Araujo,0,24,46,52%,64,100,2,6,33%,1,0,7:03,15,36,4,5,5,5,22,43,1,2,1,1,W
Jonathan Martinez,2,36,58,62%,36,60,0,0,---,0,0,0:19,7,15,0,2,29,41,36,58,0,0,0,0,W
Adrian Yanez,0,20,72,27%,20,73,0,0,---,0,0,0:10,9,59,10,12,1,1,17,66,3,6,0,0,L
Andre Petroski,0,0,1,0%,0,1,0,0,---,0,0,0:00,0,1,0,0,0,0,0,1,0,0,0,0,L
Michel Pereira,1,6,18,33%,6,18,0,0,---,0,0,0:04,5,17,1,1,0,0,2,6,0,0,4,12,W
Christian Rodriguez,0,83,161,51%,92,173,3,6,50%,2,1,3:12,64,141,18,19,1,1,63,131,13,21,7,9,W
Cameron Saaiman,0,73,175,41%,87,192,0,5,0%,1,0,1:26,38,121,14,21,21,33,65,160,8,15,0,0,L
Darren Elkins,0,11,33,33%,95,146,5,8,62%,2,1,8:09,8,29,3,3,0,1,11,32,0,1,0,0,W
TJ Brown,0,15,50,30%,45,86,2,2,100%,0,1,1:29,11,45,1,2,3,3,15,49,0,0,0,1,L
Tainara Lisboa,0,18,35,51%,77,106,3,8,37%,0,0,6:55,9,24,8,9,1,2,7,20,11,12,0,3,W
Ravena Oliveira,0,15,31,48%,61,87,2,3,66%,0,0,5:22,10,23,3,6,2,2,13,28,2,3,0,0,L
Terrance McKinney,1,14,21,66%,14,21,0,0,---,0,0,0:15,14,21,0,0,0,0,0,1,1,1,13,19,W
Brendon Marotte,0,1,1,100%,1,1,0,0,---,0,0,0:00,0,0,0,0,1,1,1,1,0,0,0,0,L
Irina Alekseeva,1,48,108,44%,60,126,1,4,25%,0,0,0:50,23,72,2,7,23,29,44,99,2,4,2,5,L
Melissa Dixon,0,52,95,54%,87,148,0,1,0%,0,0,8:15,47,89,5,6,0,0,42,76,1,1,9,18,W
Chris Gutierrez,0,110,197,55%,115,203,0,0,---,0,0,0:08,44,96,10,20,56,81,110,195,0,2,0,0,W
Alatengheili,0,38,133,28%,39,134,2,4,50%,0,0,0:51,25,108,10,21,3,4,38,130,0,2,0,1,L
Ashley Yoder,0,102,269,37%,105,276,0,3,0%,0,0,0:09,59,216,32,40,11,13,93,259,9,10,0,0,L
Emily Ducote,0,117,210,55%,119,213,1,1,100%,0,0,0:03,69,145,29,40,19,25,117,209,0,1,0,0,W
Grant Dawson,0,0,6,0%,0,6,0,0,---,0,0,0:00,0,6,0,0,0,0,0,6,0,0,0,0,L
Bobby Green,1,7,11,63%,7,11,0,0,---,0,0,0:05,7,10,0,0,0,1,1,4,0,0,6,7,W
Joe Pyfer,0,26,62,41%,26,63,3,4,75%,2,0,1:07,15,47,9,12,2,3,24,60,2,2,0,0,W
Abdul Razak Alhassan,0,11,28,39%,11,28,0,0,---,1,0,0:08,4,15,2,3,5,10,11,27,0,1,0,0,L
Alex Morono,0,40,141,28%,54,161,1,2,50%,0,0,0:13,29,122,10,17,1,2,37,133,3,8,0,0,L
Joaquin Buckley,0,68,176,38%,77,186,2,4,50%,0,0,2:21,41,134,24,36,3,6,55,141,2,9,11,26,W
Drew Dober,1,30,53,56%,30,53,0,0,---,0,0,0:31,19,40,7,9,4,4,20,38,2,3,8,12,W
Ricky Glenn,0,5,22,22%,5,22,0,1,0%,0,0,0:00,2,15,3,7,0,0,5,22,0,0,0,0,L
Alexander Hernandez,0,75,156,48%,76,157,0,1,0%,0,0,0:35,25,80,45,66,5,10,75,154,0,2,0,0,L
Bill Algeo,1,110,244,45%,119,257,1,1,100%,0,0,0:07,46,156,33,50,31,38,108,241,2,3,0,0,W
Karolina Kowalkiewicz,0,141,267,52%,155,283,1,6,16%,0,1,2:15,94,203,42,58,5,6,123,244,17,21,1,2,W
Diana Belbita,0,99,261,37%,108,270,2,2,100%,0,1,0:53,57,199,33,50,9,12,85,241,13,18,1,2,L
Nate Maness,0,29,35,82%,103,114,0,0,---,0,0,1:31,26,31,2,3,1,1,1,2,2,3,26,30,W
Mateus Mendonca,0,3,7,42%,9,16,0,3,0%,0,0,1:14,0,3,2,3,1,1,1,5,2,2,0,0,L
Vanessa Demopoulos,0,31,65,47%,86,144,0,1,0%,0,1,0:42,21,49,10,13,0,3,10,36,7,10,14,19,W
Kanako Murata,0,34,64,53%,70,116,5,6,83%,0,0,10:10,27,55,4,5,3,4,10,23,1,1,23,40,L
Aoriqileng,1,44,66,66%,120,159,2,4,50%,0,0,5:39,24,41,8,11,12,14,28,45,1,3,15,18,W
Johnny Munoz,0,7,36,19%,31,73,4,11,36%,3,0,4:30,5,30,2,3,0,3,7,33,0,3,0,0,L
Montana De La Rosa,0,67,204,32%,70,209,0,1,0%,0,0,0:00,41,172,13,16,13,16,59,184,8,20,0,0,L
JJ Aldrich,0,65,135,48%,66,136,0,0,---,0,0,0:22,55,122,9,11,1,2,58,124,7,11,0,0,W
Rafael Fiziev,0,18,32,56%,19,34,0,0,---,0,0,0:00,4,14,12,16,2,2,18,32,0,0,0,0,L
Mateusz Gamrot,0,16,40,40%,17,42,1,6,16%,0,0,1:28,11,31,2,5,3,4,13,35,1,1,2,4,W
Bryce Mitchell,0,23,40,57%,37,59,5,15,33%,1,0,7:33,13,22,7,14,3,4,17,29,1,3,5,8,W
Dan Ige,0,18,55,32%,32,72,0,0,---,0,1,2:11,13,47,3,6,2,2,16,51,2,3,0,1,L
Marina Rodriguez,0,70,102,68%,90,130,1,1,100%,0,0,2:03,47,70,22,30,1,2,12,23,53,73,5,6,W
Michelle Waterson-Gomez,0,13,32,40%,16,37,1,6,16%,0,0,2:49,7,23,5,7,1,2,4,17,7,9,2,6,L
Bryan Battle,0,45,80,56%,63,105,1,2,50%,1,0,3:30,9,25,34,52,2,3,29,61,16,19,0,0,W
AJ Fletcher,0,25,51,49%,29,57,0,2,0%,0,0,0:33,6,26,6,9,13,16,20,41,5,9,0,1,L
Ricardo Ramos,0,0,9,0%,0,10,2,3,66%,1,0,1:58,0,6,0,1,0,2,0,9,0,0,0,0,L
Charles Jourdain,0,8,9,88%,8,10,0,0,---,1,0,0:00,3,4,4,4,1,1,7,8,1,1,0,0,W
Dan Argueta,0,33,85,38%,38,95,2,6,33%,2,0,3:55,20,67,8,12,5,6,22,70,5,8,6,7,NC
Miles Johns,0,43,92,46%,52,104,2,6,33%,0,0,4:39,32,77,5,9,6,6,40,84,2,3,1,5,NC
Dan Argueta,0,33,85,38%,38,95,2,6,33%,2,0,3:55,20,67,8,12,5,6,22,70,5,8,6,7,NC
Miles Johns,0,43,92,46%,52,104,2,6,33%,0,0,4:39,32,77,5,9,6,6,40,84,2,3,1,5,NC
Tim Means,2,104,143,72%,134,178,0,2,0%,0,1,2:51,66,103,33,35,5,5,56,87,30,35,18,21,W
Andre Fialho,0,51,103,49%,56,110,1,1,100%,0,0,0:48,32,75,15,23,4,5,35,86,16,17,0,0,L
Jacob Malkoun,0,28,39,71%,44,60,1,3,33%,0,0,3:39,28,39,0,0,0,0,0,0,0,0,28,39,L
Cody Brundage,0,2,4,50%,3,5,1,1,100%,0,0,0:26,1,3,0,0,1,1,1,3,0,0,1,1,W
Mohammed Usman,0,85,191,44%,118,234,1,3,33%,0,0,3:07,58,156,27,35,0,0,83,186,1,3,1,2,W
Jake Collier,0,87,183,47%,100,198,0,0,---,2,0,0:53,53,145,22,25,12,13,80,171,7,12,0,0,L
Mizuki,0,55,105,52%,83,140,1,2,50%,0,0,3:31,31,72,20,29,4,4,37,77,17,26,1,2,W
Hannah Goldy,0,47,95,49%,64,123,1,14,7%,0,0,2:51,10,43,26,39,11,13,20,55,27,40,0,0,L
Tamires Vidal,0,60,109,55%,78,131,0,3,0%,1,0,0:54,17,59,3,3,40,47,60,108,0,1,0,0,L
Montserrat Rendon,0,69,182,37%,112,240,3,5,60%,0,0,4:51,45,148,11,18,13,16,55,151,1,2,13,29,W
Alexa Grasso,1,84,203,41%,262,408,1,2,50%,1,1,2:39,54,151,12,22,18,30,51,160,31,35,2,8,D
Valentina Shevchenko,0,80,179,44%,199,301,4,7,57%,1,0,8:37,61,158,6,8,13,13,67,158,6,8,7,13,D
Alexa Grasso,1,84,203,41%,262,408,1,2,50%,1,1,2:39,54,151,12,22,18,30,51,160,31,35,2,8,D
Valentina Shevchenko,0,80,179,44%,199,301,4,7,57%,1,0,8:37,61,158,6,8,13,13,67,158,6,8,7,13,D
Kevin Holland,0,127,356,35%,127,356,0,2,0%,0,0,0:00,59,258,33,55,35,43,119,346,8,10,0,0,L
Jack Della Maddalena,0,105,190,55%,105,190,0,0,---,0,0,0:00,46,115,36,49,23,26,94,175,11,15,0,0,W
Raul Rosas Jr.,1,18,30,60%,19,31,0,0,---,0,0,0:17,17,29,1,1,0,0,6,11,1,2,11,17,W
Terrence Mitchell,0,6,19,31%,6,19,0,0,---,0,0,0:00,5,18,1,1,0,0,6,19,0,0,0,0,L
Daniel Zellhuber,0,36,101,35%,36,101,0,0,---,1,0,0:17,18,75,11,19,7,7,35,100,1,1,0,0,W
Christos Giagos,0,38,82,46%,38,82,0,6,0%,0,0,0:11,25,63,3,7,10,12,36,79,2,3,0,0,L
Fernando Padilla,0,72,208,34%,73,209,0,1,0%,0,0,0:07,42,168,17,22,13,18,65,198,7,10,0,0,L
Kyle Nelson,0,82,184,44%,83,185,0,3,0%,0,0,0:00,43,143,19,20,20,21,80,176,2,8,0,0,W
Loopy Godinez,1,21,31,67%,37,51,5,5,100%,6,0,6:29,15,25,4,4,2,2,15,24,3,3,3,4,W
Elise Reed,0,3,13,23%,34,48,0,1,0%,0,0,0:22,0,6,2,3,1,4,3,12,0,0,0,1,L
Roman Kopylov,1,49,84,58%,54,90,0,0,---,0,0,0:03,23,56,9,10,17,18,47,80,2,4,0,0,W
Josh Fremd,0,38,116,32%,38,116,0,5,0%,0,0,0:50,18,81,8,13,12,22,37,115,1,1,0,0,L
Edgar Chairez,0,12,20,60%,12,20,0,0,---,1,0,0:14,0,6,2,3,10,11,12,20,0,0,0,0,NC
Daniel Lacerda,0,4,14,28%,8,18,1,2,50%,0,0,1:19,1,8,1,3,2,3,3,12,0,0,1,2,NC
Edgar Chairez,0,12,20,60%,12,20,0,0,---,1,0,0:14,0,6,2,3,10,11,12,20,0,0,0,0,NC
Daniel Lacerda,0,4,14,28%,8,18,1,2,50%,0,0,1:19,1,8,1,3,2,3,3,12,0,0,1,2,NC
Tracy Cortez,0,103,212,48%,116,225,0,1,0%,0,0,0:26,63,164,16,23,24,25,91,198,12,14,0,0,W
Jasmine Jasudavicius,0,77,206,37%,95,225,2,10,20%,0,0,3:00,43,148,25,47,9,11,58,176,19,30,0,0,L
Alex Reyes,0,14,38,36%,15,39,0,2,0%,0,0,0:01,8,30,2,4,4,4,12,32,2,6,0,0,L
Charlie Campbell,1,43,72,59%,43,72,0,0,---,0,0,0:02,27,53,10,13,6,6,35,60,7,10,1,2,W
Josefine Knutsson,0,81,128,63%,147,206,3,4,75%,0,0,10:49,53,97,20,23,8,8,38,69,8,11,35,48,W
Marnic Mann,0,8,29,27%,39,64,0,2,0%,0,0,0:33,6,20,0,6,2,3,8,29,0,0,0,0,L
Israel Adesanya,0,94,271,34%,94,271,0,0,---,0,0,0:00,22,154,38,60,34,57,94,271,0,0,0,0,L
Sean Strickland,1,137,259,52%,137,259,0,0,---,0,0,0:14,85,186,45,62,7,11,121,235,11,14,5,10,W
Tai Tuivasa,0,28,67,41%,30,69,0,0,---,0,0,0:00,4,31,7,9,17,27,26,65,2,2,0,0,L
Alexander Volkov,1,93,143,65%,107,164,0,1,0%,1,0,2:35,65,110,18,21,10,12,72,115,3,3,18,25,W
Manel Kape,1,112,182,61%,116,186,1,1,100%,0,0,0:45,77,137,24,30,11,15,92,149,6,9,14,24,W
Felipe dos Santos,0,99,304,32%,101,310,0,5,0%,0,0,0:08,53,215,28,60,18,29,94,292,4,8,1,4,L
Justin Tafa,1,11,14,78%,11,14,0,0,---,0,0,0:05,9,11,0,0,2,3,6,9,0,0,5,5,W
Austen Lane,0,7,14,50%,7,15,0,0,---,0,0,0:00,3,9,1,2,3,3,7,14,0,0,0,0,L
Tyson Pedro,1,16,29,55%,16,29,0,0,---,0,0,0:03,12,24,1,2,3,3,15,28,0,0,1,1,W
Anton Turkalj,0,8,24,33%,9,25,0,0,---,0,0,0:00,3,13,1,1,4,10,6,21,2,3,0,0,L
Carlos Ulberg,1,81,154,52%,91,165,1,2,50%,1,0,1:41,50,119,20,23,11,12,59,126,8,9,14,19,W
Da Woon Jung,0,58,120,48%,60,123,1,2,50%,0,0,0:15,14,59,12,20,32,41,55,115,3,5,0,0,L
Jack Jenkins,0,41,68,60%,43,70,0,1,0%,0,0,0:07,16,36,13,18,12,14,35,60,6,8,0,0,L
Chepe Mariscal,0,38,87,43%,87,143,1,1,100%,0,0,2:46,14,53,11,16,13,18,23,65,14,21,1,1,W
Jamie Mullarkey,0,88,179,49%,88,179,0,2,0%,0,0,0:00,38,120,13,20,37,39,88,179,0,0,0,0,W
John Makdessi,0,83,188,44%,85,190,0,1,0%,0,0,0:00,37,119,22,45,24,24,83,188,0,0,0,0,L
Nasrat Haqparast,0,171,377,45%,172,378,0,5,0%,0,0,0:21,114,304,57,73,0,0,161,361,10,16,0,0,W
Landon Quinones,0,148,354,41%,152,359,0,0,---,0,0,0:41,79,273,37,46,32,35,137,340,11,14,0,0,L
Blood Diamond,0,44,94,46%,75,136,0,3,0%,0,0,0:21,19,58,19,28,6,8,19,58,25,36,0,0,L
Charles Radtke,0,35,76,46%,63,112,1,6,16%,0,0,9:41,31,72,4,4,0,0,27,59,8,17,0,0,W
Shane Young,0,1,4,25%,1,4,0,0,---,0,0,0:00,0,2,1,2,0,0,1,4,0,0,0,0,L
Gabriel Miranda,0,2,6,33%,2,6,1,2,50%,1,0,0:32,0,2,1,2,1,2,2,6,0,0,0,0,W
Kevin Jousset,0,29,58,50%,39,69,1,1,100%,1,0,0:45,18,44,4,5,7,9,25,54,4,4,0,0,W
Kiefer Crosbie,0,39,59,66%,45,66,0,0,---,0,0,0:00,20,37,9,12,10,10,36,52,3,7,0,0,L
Ciryl Gane,0,109,156,69%,110,157,0,0,---,0,0,0:09,48,85,39,49,22,22,105,152,4,4,0,0,W
Serghei Spivac,0,11,44,25%,11,44,0,1,0%,0,0,0:02,7,38,2,3,2,3,11,44,0,0,0,0,L
Manon Fiorot,0,58,225,25%,62,232,0,1,0%,0,0,0:24,39,197,15,22,4,6,53,214,4,10,1,1,W
Rose Namajunas,0,60,150,40%,60,152,0,6,0%,0,0,0:25,32,107,15,26,13,17,59,148,1,2,0,0,L
Benoit Saint Denis,0,101,182,55%,123,210,5,9,55%,0,0,5:20,49,123,28,34,24,25,42,71,10,14,49,97,W
Thiago Moises,0,24,62,38%,27,67,1,3,33%,1,0,0:14,12,46,10,14,2,2,23,59,1,3,0,0,L
Volkan Oezdemir,1,26,46,56%,36,64,1,1,100%,1,0,1:23,19,37,1,2,6,7,15,32,1,1,10,13,W
Bogdan Guskov,0,8,25,32%,10,27,0,0,---,0,0,0:00,7,23,1,1,0,1,8,24,0,1,0,0,L
William Gomis,0,52,88,59%,61,99,0,0,---,2,0,0:55,10,30,6,15,36,43,47,82,5,6,0,0,W
Yanis Ghemmouri,0,28,73,38%,40,88,0,4,0%,0,0,2:42,0,24,7,11,21,38,24,69,4,4,0,0,L
Morgan Charriere,1,26,49,53%,26,49,0,0,---,0,0,0:03,16,37,7,8,3,4,25,47,1,1,0,1,W
Manolo Zecchini,0,9,41,21%,9,41,0,0,---,0,0,0:00,5,30,1,4,3,7,9,41,0,0,0,0,L
Taylor Lapilus,0,84,163,51%,87,166,0,0,---,0,0,0:18,59,133,18,23,7,7,76,150,7,12,1,1,W
Caolan Loughran,0,48,132,36%,70,166,2,11,18%,0,0,6:26,28,100,13,23,7,9,44,125,3,6,1,1,L
Ange Loosa,0,98,182,53%,124,220,6,10,60%,0,0,6:07,71,144,19,29,8,9,45,103,32,51,21,28,W
Rhys McKee,0,77,183,42%,90,198,0,0,---,0,0,0:05,48,145,19,25,10,13,70,172,5,8,2,3,L
Nora Cornolle,0,40,77,51%,85,134,0,0,---,0,3,2:11,12,37,17,24,11,16,17,39,23,38,0,0,W
Joselyne Edwards,0,18,42,42%,75,120,5,8,62%,1,0,8:42,6,20,8,9,4,13,14,35,4,6,0,1,L
Farid Basharat,0,4,6,66%,25,36,2,5,40%,1,0,3:15,2,3,2,2,0,1,0,1,1,1,3,4,W
Kleydson Rodrigues,0,7,8,87%,25,26,0,0,---,0,0,0:30,3,4,2,2,2,2,4,5,1,1,2,2,L
Zarah Fairn,0,39,259,15%,39,259,0,2,0%,0,0,0:04,25,241,8,12,6,6,39,258,0,1,0,0,L
Jacqueline Cavalcanti,0,126,221,57%,127,222,0,1,0%,0,0,0:08,43,127,20,22,63,72,116,209,10,12,0,0,W
Max Holloway,2,75,128,58%,75,128,0,0,---,1,0,0:57,34,77,31,35,10,16,71,124,1,1,3,3,W
Chan Sung Jung,0,34,124,27%,35,126,0,1,0%,0,0,0:15,25,110,6,8,3,6,34,122,0,2,0,0,L
Anthony Smith,0,91,147,61%,91,147,1,3,33%,0,0,0:56,44,92,12,15,35,40,90,146,1,1,0,0,W
Ryan Spann,0,59,187,31%,62,191,0,1,0%,0,0,1:19,39,158,14,23,6,6,50,174,0,0,9,13,L
Giga Chikadze,0,65,141,46%,65,141,0,0,---,0,0,0:00,25,83,22,38,18,20,65,139,0,2,0,0,W
Alex Caceres,0,62,168,36%,62,168,0,0,---,0,0,0:00,25,110,25,44,12,14,62,168,0,0,0,0,L
Rinya Nakamura,0,36,57,63%,56,84,4,4,100%,3,0,9:26,16,31,10,13,10,13,25,44,0,0,11,13,W
Fernie Garcia,0,15,66,22%,50,106,0,0,---,1,0,0:00,9,53,4,7,2,6,13,63,0,1,2,2,L
Erin Blanchfield,0,61,128,47%,119,210,0,14,0%,0,0,8:08,37,99,18,23,6,6,43,102,17,24,1,2,W
Taila Santos,0,55,151,36%,96,202,0,3,0%,0,0,0:09,28,118,9,15,18,18,46,133,9,18,0,0,L
Junior Tafa,1,8,13,61%,11,16,0,0,---,0,0,0:04,7,12,1,1,0,0,4,7,4,6,0,0,W
Parker Porter,0,2,9,22%,3,10,0,1,0%,0,0,0:17,2,9,0,0,0,0,2,9,0,0,0,0,L
Waldo Cortes-Acosta,1,15,45,33%,16,46,0,0,---,0,0,0:00,9,36,3,5,3,4,12,42,3,3,0,0,W
Lukasz Brzeski,0,14,22,63%,15,23,0,0,---,0,0,0:00,1,7,3,3,10,12,14,22,0,0,0,0,L
Toshiomi Kazama,0,15,31,48%,15,31,0,2,0%,0,0,0:00,8,24,3,3,4,4,15,30,0,1,0,0,L
Garrett Armfield,1,45,77,58%,45,77,0,0,---,0,0,0:26,36,67,9,10,0,0,40,68,0,0,5,9,W
Chidi Njokuani,0,29,57,50%,30,58,0,2,0%,0,0,0:09,7,21,18,32,4,4,19,37,10,20,0,0,L
Michal Oleksiejczuk,0,44,72,61%,54,85,1,1,100%,0,0,1:36,31,59,12,12,1,1,17,36,4,5,23,31,W
Song Kenan,1,75,149,50%,85,161,0,0,---,0,0,0:40,54,118,16,24,5,7,68,140,6,8,1,1,W
Rolando Bedoya,0,112,258,43%,112,260,0,4,0%,0,0,0:33,36,146,27,49,49,63,104,245,8,13,0,0,L
Billy Goff,1,40,85,47%,43,89,0,1,0%,0,0,0:05,13,47,13,20,14,18,36,78,2,2,2,5,W
Yusaku Kinoshita,0,17,53,32%,17,53,0,0,---,0,0,0:00,15,48,2,5,0,0,17,52,0,1,0,0,L
Liang Na,0,11,41,26%,27,61,3,4,75%,0,0,1:38,7,30,3,8,1,3,9,36,2,5,0,0,L
JJ Aldrich,0,47,65,72%,68,89,0,0,---,0,1,5:11,46,63,1,2,0,0,9,18,1,2,37,45,W
SeungWoo Choi,1,56,115,48%,108,179,1,1,100%,0,0,5:21,22,69,8,15,26,31,51,107,2,3,3,5,W
Jarno Errens,1,30,76,39%,40,88,0,4,0%,0,0,1:34,13,47,6,14,11,15,30,73,0,2,0,1,L
Aljamain Sterling,0,17,35,48%,24,46,0,2,0%,0,0,0:34,3,12,3,10,11,13,16,33,1,2,0,0,L
Sean O'Malley,1,25,35,71%,26,36,0,0,---,0,0,0:18,18,25,6,9,1,1,10,16,1,1,14,18,W
Zhang Weili,1,163,217,75%,296,358,6,7,85%,0,0,16:07,106,150,37,42,20,25,50,77,17,18,96,122,W
Amanda Lemos,0,24,63,38%,29,68,0,0,---,2,0,0:34,19,57,3,4,2,2,23,61,1,2,0,0,L
Neil Magny,0,27,66,40%,51,93,0,2,0%,0,0,1:10,10,41,7,11,10,14,25,61,2,5,0,0,L
Ian Machado Garry,0,91,150,60%,111,171,2,2,100%,0,0,2:32,32,90,16,17,43,43,84,140,4,5,3,5,W
Da'Mon Blackshear,0,90,174,51%,108,192,4,7,57%,0,0,3:00,48,123,22,30,20,21,52,129,37,42,1,3,L
Mario Bautista,0,79,137,57%,102,161,2,10,20%,1,0,4:04,48,103,21,22,10,12,51,101,24,30,4,6,W
Marlon Vera,0,141,251,56%,141,251,0,1,0%,0,0,0:00,109,212,9,14,23,25,138,246,3,4,0,1,W
Pedro Munhoz,0,113,246,45%,113,246,0,1,0%,0,0,0:00,53,177,20,28,40,41,111,244,2,2,0,0,L
Chris Weidman,0,37,92,40%,39,94,0,8,0%,0,0,1:21,30,77,5,12,2,3,35,90,2,2,0,0,L
Brad Tavares,0,70,115,60%,71,116,0,0,---,0,0,0:00,21,61,8,9,41,45,68,113,2,2,0,0,W
Gregory Rodrigues,0,5,6,83%,6,8,1,2,50%,0,0,0:47,4,5,1,1,0,0,1,2,0,0,4,4,W
Denis Tiuliulin,0,2,7,28%,3,8,0,0,---,0,0,0:00,2,7,0,0,0,0,2,7,0,0,0,0,L
Kurt Holobaugh,0,61,119,51%,85,144,0,0,---,2,0,1:08,46,101,10,12,5,6,50,106,9,10,2,3,W
Austin Hubbard,0,44,107,41%,61,125,2,6,33%,0,0,2:23,25,86,17,19,2,2,31,87,9,12,4,8,L
Brad Katona,0,160,311,51%,173,327,0,2,0%,0,0,0:00,116,254,25,37,19,20,127,262,33,49,0,0,W
Cody Gibson,0,164,268,61%,169,273,0,1,0%,0,0,0:00,130,228,22,27,12,13,134,233,30,35,0,0,L
Andre Petroski,1,57,132,43%,67,143,2,5,40%,0,0,2:06,39,114,12,12,6,6,46,117,3,4,8,11,W
Gerald Meerschaert,0,76,149,51%,92,166,1,3,33%,0,0,1:54,65,135,6,9,5,5,60,131,10,10,6,8,L
Andrea Lee,0,43,125,34%,43,125,0,0,---,0,0,0:00,12,74,11,23,20,28,43,125,0,0,0,0,L
Natalia Silva,0,70,174,40%,70,174,0,0,---,0,0,0:00,34,111,17,43,19,20,70,174,0,0,0,0,W
Karine Silva,1,30,53,56%,52,76,1,1,100%,1,0,0:51,15,31,7,9,8,13,18,40,11,12,1,1,W
Maryna Moroz,0,16,55,29%,25,66,0,0,---,0,1,1:41,8,41,7,12,1,2,10,47,6,8,0,0,L
Vicente Luque,0,72,141,51%,138,221,8,11,72%,0,0,12:01,48,115,17,19,7,7,60,127,8,8,4,6,W
Rafael Dos Anjos,0,66,136,48%,94,170,2,7,28%,1,0,3:54,42,108,19,23,5,5,38,105,26,27,2,4,L
Cub Swanson,0,77,156,49%,107,195,1,2,50%,0,0,1:25,41,112,27,31,9,13,59,135,18,21,0,0,W
Hakeem Dawodu,0,95,176,53%,129,224,0,0,---,0,1,3:10,41,104,29,37,25,35,79,158,16,18,0,0,L
Khalil Rountree Jr.,1,16,24,66%,16,24,0,0,---,0,0,0:31,12,19,3,4,1,1,11,17,3,4,2,3,W
Chris Daukaus,0,8,21,38%,14,28,0,1,0%,0,0,0:04,6,19,2,2,0,0,7,19,1,2,0,0,L
Polyana Viana,0,10,25,40%,41,68,1,3,33%,0,0,1:58,2,15,4,6,4,4,10,25,0,0,0,0,L
Iasmin Lucindo,0,10,24,41%,31,48,2,2,100%,1,0,3:13,5,18,4,5,1,1,9,21,0,0,1,3,W
AJ Dobson,0,67,134,50%,98,176,2,3,66%,0,0,4:33,19,75,12,18,36,41,61,119,2,5,4,10,W
Tafon Nchukwi,0,53,99,53%,59,106,0,0,---,0,0,0:00,11,47,12,15,30,37,49,92,4,7,0,0,L
Josh Fremd,0,31,80,38%,59,109,0,3,0%,2,1,7:15,11,49,10,18,10,13,22,64,6,11,3,5,W
Jamie Pickett,0,14,52,26%,26,67,2,3,66%,0,0,3:01,4,31,6,16,4,5,11,45,3,7,0,0,L
JP Buys,0,4,30,13%,4,30,0,1,0%,0,0,0:00,2,22,1,3,1,5,4,29,0,1,0,0,L
Marcus McGhee,1,7,13,53%,7,13,0,0,---,0,0,0:05,6,11,0,0,1,2,7,13,0,0,0,0,W
Terrance McKinney,0,30,47,63%,30,47,0,2,0%,0,0,0:03,23,36,7,11,0,0,16,30,11,14,3,3,W
Mike Breeden,0,1,5,20%,1,5,0,1,0%,0,0,0:00,0,4,1,1,0,0,1,5,0,0,0,0,L
Francis Marshall,0,2,7,28%,11,16,0,0,---,0,0,0:00,0,5,0,0,2,2,2,7,0,0,0,0,L
Isaac Dulgarian,0,35,53,66%,61,83,1,1,100%,0,0,4:18,32,50,0,0,3,3,3,4,0,0,32,49,W
Josh Parisian,0,26,61,42%,27,63,0,0,---,0,0,0:13,15,49,6,7,5,5,20,47,6,14,0,0,L
Martin Buday,0,42,67,62%,62,91,1,1,100%,1,0,1:56,35,60,7,7,0,0,28,49,14,18,0,0,W
Jaqueline Amorim,0,86,136,63%,141,208,1,3,33%,4,2,8:05,76,120,9,14,1,2,6,15,0,0,80,121,W
Montserrat Conejo Ruiz,0,6,36,16%,20,57,1,1,100%,0,0,3:39,2,29,2,4,2,3,5,31,0,1,1,4,L
Da'Mon Blackshear,0,18,30,60%,30,46,2,4,50%,1,0,2:57,7,16,2,5,9,9,5,13,6,8,7,9,W
Jose Johnson,0,8,12,66%,16,21,0,0,---,0,0,0:00,4,7,2,3,2,2,7,9,0,2,1,1,L
Juliana Miller,0,24,75,32%,25,77,0,2,0%,0,0,0:29,15,61,9,13,0,1,18,64,6,11,0,0,L
Luana Santos,0,63,105,60%,64,106,0,0,---,0,0,0:26,44,82,16,20,3,3,53,88,10,17,0,0,W
Cory Sandhagen,0,34,84,40%,132,211,7,7,100%,1,0,19:38,30,79,2,3,2,2,10,47,0,1,24,36,W
Rob Font,0,9,49,18%,25,69,1,2,50%,0,0,1:08,5,43,2,3,2,3,8,44,0,3,1,2,L
Jessica Andrade,0,11,29,37%,13,31,0,0,---,0,0,0:17,2,14,5,8,4,7,8,23,3,6,0,0,L
Tatiana Suarez,0,23,49,46%,25,51,3,3,100%,1,0,2:22,3,20,17,26,3,3,13,36,10,13,0,0,W
Dustin Jacoby,1,10,33,30%,10,33,0,0,---,0,0,0:04,5,28,0,0,5,5,10,26,0,0,0,7,W
Kennedy Nzechukwu,0,4,18,22%,4,18,0,0,---,0,0,0:00,3,14,0,3,1,1,4,18,0,0,0,0,L
Diego Lopes,0,0,4,0%,0,4,0,0,---,3,0,0:00,0,3,0,0,0,1,0,4,0,0,0,0,W
Gavin Tucker,0,0,6,0%,0,6,1,1,100%,0,0,0:39,0,6,0,0,0,0,0,6,0,0,0,0,L
Tanner Boser,0,120,215,55%,145,253,0,0,---,0,0,5:27,78,163,24,32,18,20,87,174,33,41,0,0,W
Aleksa Camur,0,68,136,50%,105,175,0,1,0%,0,0,1:01,34,97,25,28,9,11,46,108,22,28,0,0,L
Ignacio Bahamondes,0,43,139,30%,62,166,0,1,0%,0,0,0:07,29,114,9,16,5,9,41,133,2,6,0,0,L
Ludovit Klein,0,56,108,51%,94,151,3,5,60%,0,0,6:05,36,82,11,16,9,10,43,88,1,1,12,19,W
Kyler Phillips,1,72,187,38%,80,196,1,4,25%,0,0,0:47,40,146,18,26,14,15,62,174,6,8,4,5,W
Raoni Barcelos,0,46,116,39%,52,124,3,11,27%,0,0,1:42,20,87,15,17,11,12,39,105,7,10,0,1,L
Jeremiah Wells,0,18,48,37%,41,78,3,5,60%,2,0,9:26,16,46,2,2,0,0,5,25,2,3,11,20,L
Carlston Harris,0,5,19,26%,19,36,0,1,0%,1,0,0:13,1,14,3,4,1,1,5,19,0,0,0,0,W
Billy Quarantillo,0,100,188,53%,169,270,0,0,---,1,0,1:51,45,124,49,57,6,7,58,140,42,48,0,0,W
Damon Jackson,0,67,173,38%,75,184,3,13,23%,0,0,6:10,45,139,19,31,3,3,53,148,10,15,4,10,L
Cody Durden,0,38,85,44%,63,122,4,6,66%,1,0,7:25,23,66,9,11,6,8,30,67,1,1,7,17,W
Jake Hadley,0,26,83,31%,45,106,0,3,0%,3,1,2:04,12,61,10,16,4,6,23,76,3,7,0,0,L
Sean Woodson,0,71,126,56%,163,229,4,5,80%,0,0,5:52,36,77,18,32,17,17,61,113,8,11,2,2,W
Dennis Buzukja,0,42,116,36%,46,121,0,1,0%,0,1,2:30,24,85,11,17,7,14,32,96,5,8,5,12,L
Ode Osbourne,0,4,18,22%,8,22,0,0,---,0,0,0:21,4,16,0,2,0,0,3,17,0,0,1,1,L
Asu Almabayev,0,26,40,65%,52,78,2,5,40%,2,0,5:24,17,31,5,5,4,4,9,14,0,0,17,26,W
Dustin Poirier,0,27,52,51%,27,52,0,0,---,0,0,0:00,21,46,4,4,2,2,25,49,2,3,0,0,L
Justin Gaethje,1,41,66,62%,41,66,0,0,---,0,0,0:00,23,48,7,7,11,11,38,63,2,2,1,1,W
Jan Blachowicz,0,52,81,64%,82,117,3,8,37%,2,0,7:32,41,66,4,8,7,7,41,67,3,5,8,9,L
Alex Pereira,0,70,92,76%,112,138,0,0,---,1,0,0:06,26,46,23,24,21,22,62,83,7,8,1,1,W
Derrick Lewis,1,17,33,51%,20,36,0,0,---,0,0,0:29,16,32,1,1,0,0,1,1,0,0,16,32,W
Marcos Rogerio de Lima,0,1,1,100%,2,2,0,0,---,0,0,0:00,1,1,0,0,0,0,0,0,0,0,1,1,L
Tony Ferguson,0,54,123,43%,62,138,0,3,0%,0,0,0:13,38,98,11,18,5,7,50,118,2,2,2,3,L
Bobby Green,0,137,217,63%,145,227,0,0,---,1,0,3:25,95,166,24,31,18,20,115,183,1,1,21,33,W
Michael Chiesa,0,4,11,36%,6,13,0,5,0%,0,0,0:15,4,11,0,0,0,0,3,7,1,4,0,0,L
Kevin Holland,0,9,16,56%,12,19,0,0,---,1,0,0:40,7,14,2,2,0,0,4,9,4,5,1,2,W
Gabriel Bonfim,0,3,11,27%,3,11,1,1,100%,1,0,0:26,2,10,1,1,0,0,3,11,0,0,0,0,W
Trevin Giles,0,1,5,20%,1,5,0,0,---,0,0,0:14,1,5,0,0,0,0,1,5,0,0,0,0,L
CJ Vergara,0,109,181,60%,109,181,0,0,---,0,0,0:00,43,102,45,57,21,22,104,176,5,5,0,0,W
Vinicius Salvador,0,88,195,45%,89,196,0,2,0%,0,0,0:01,54,154,19,25,15,16,87,194,1,1,0,0,L
Roman Kopylov,1,32,42,76%,32,42,0,0,---,0,0,0:03,20,29,9,10,3,3,29,38,2,3,1,1,W
Claudio Ribeiro,0,32,59,54%,33,60,0,1,0%,0,0,0:16,18,45,7,7,7,7,29,56,3,3,0,0,L
Jake Matthews,0,60,101,59%,71,113,0,1,0%,1,0,1:15,40,78,14,17,6,6,47,84,2,5,11,12,W
Darrius Flowers,0,36,64,56%,41,69,1,3,33%,0,0,1:03,21,48,6,6,9,10,31,57,5,7,0,0,L
Matthew Semelsberger,1,52,120,43%,53,121,0,2,0%,0,0,1:13,31,91,8,14,13,15,42,106,3,5,7,9,L
Uros Medic,1,69,128,53%,76,135,1,1,100%,0,0,0:22,49,98,17,27,3,3,50,104,13,18,6,6,W
Miranda Maverick,0,36,51,70%,105,132,3,9,33%,1,0,8:54,23,37,8,8,5,6,16,29,2,2,18,20,W
Priscila Cachoeira,0,11,23,47%,13,26,0,0,---,0,0,0:00,7,18,2,3,2,2,10,22,0,0,1,1,L
Tom Aspinall,1,13,18,72%,13,18,0,0,---,0,0,0:05,12,17,1,1,0,0,7,10,0,0,6,8,W
Marcin Tybura,0,4,15,26%,4,15,0,0,---,0,0,0:00,2,13,2,2,0,0,4,15,0,0,0,0,L
Molly McCann,0,6,16,37%,6,16,0,0,---,0,0,0:07,1,11,4,4,1,1,6,16,0,0,0,0,L
Julija Stoliarenko,0,9,29,31%,9,29,1,1,100%,1,0,0:19,4,20,2,3,3,6,9,29,0,0,0,0,W
Nathaniel Wood,1,84,148,56%,108,174,1,2,50%,0,0,1:47,38,90,10,18,36,40,71,123,0,0,13,25,W
Andre Fili,1,58,151,38%,76,179,0,2,0%,0,1,2:55,45,134,7,10,6,7,53,144,3,5,2,2,L
Paul Craig,0,40,82,48%,54,101,2,2,100%,1,0,2:56,31,66,8,15,1,1,10,32,0,0,30,50,W
Andre Muniz,0,24,40,60%,31,47,2,2,100%,0,0,1:47,15,30,2,3,7,7,15,27,1,1,8,12,L
Jai Herbert,0,49,134,36%,58,150,0,6,0%,0,0,4:12,7,79,23,31,19,24,38,119,11,15,0,0,L
Fares Ziam,0,61,113,53%,96,153,1,5,20%,0,0,1:30,29,74,19,23,13,16,45,93,16,20,0,0,W
Lerone Murphy,1,59,109,54%,87,144,3,5,60%,2,0,7:38,37,81,15,18,7,10,24,61,12,14,23,34,W
Josh Culibao,0,23,59,38%,40,77,0,2,0%,0,0,1:30,16,48,5,6,2,5,19,53,4,6,0,0,L
Davey Grant,0,70,215,32%,70,215,0,1,0%,0,0,0:06,17,127,27,55,26,33,70,213,0,2,0,0,L
Daniel Marcos,0,48,140,34%,49,141,1,1,100%,0,0,0:13,21,90,6,24,21,26,47,139,1,1,0,0,W
Danny Roberts,0,44,133,33%,44,134,0,2,0%,0,0,0:05,27,111,14,19,3,3,44,132,0,1,0,0,L
Jonny Parsons,2,63,124,50%,69,133,0,0,---,0,0,1:26,42,95,12,19,9,10,51,101,7,15,5,8,W
Marc Diakiese,0,20,46,43%,29,60,2,3,66%,0,0,3:09,8,25,6,11,6,10,20,46,0,0,0,0,L
Joel Alvarez,0,42,75,56%,64,98,0,1,0%,1,0,1:26,20,49,12,16,10,10,37,70,2,2,3,3,W
Mick Parkin,0,95,156,60%,98,159,0,0,---,0,0,0:00,37,94,16,20,42,42,92,151,3,5,0,0,W
Jamal Pogues,0,36,135,26%,37,136,0,1,0%,0,0,1:17,22,119,4,6,10,10,34,132,2,3,0,0,L
Makhmud Muradov,2,54,97,55%,68,114,13,16,81%,0,0,5:10,39,77,15,20,0,0,46,79,5,11,3,7,W
Bryan Barberena,0,28,81,34%,81,138,0,1,0%,0,0,0:02,13,56,2,4,13,21,27,79,1,2,0,0,L
Ketlen Vieira,0,15,33,45%,65,103,3,3,100%,3,0,10:49,13,31,1,1,1,1,8,25,1,2,6,6,W
Pannie Kianzad,0,22,51,43%,92,144,0,0,---,0,1,2:11,17,45,3,4,2,2,10,30,0,0,12,21,L
Chris Duncan,0,85,206,41%,87,209,2,4,50%,0,0,0:48,54,161,23,30,8,15,82,200,3,6,0,0,W
Yanal Ashmouz,0,35,98,35%,36,100,0,1,0%,0,0,0:00,15,68,8,14,12,16,34,96,1,2,0,0,L
Shauna Bannon,0,54,144,37%,124,223,0,2,0%,0,0,1:05,22,84,19,38,13,22,51,139,3,5,0,0,L
Bruna Brasil,0,56,90,62%,73,111,2,3,66%,0,0,3:21,30,58,14,19,12,13,39,72,12,13,5,5,W
Jafel Filho,0,21,54,38%,23,62,1,4,25%,1,0,0:55,11,40,8,9,2,5,21,54,0,0,0,0,W
Daniel Barez,1,18,30,60%,18,30,0,0,---,0,0,0:12,8,17,7,9,3,4,18,27,0,1,0,2,L
Holly Holm,0,27,39,69%,50,70,0,1,0%,0,0,3:05,15,24,10,12,2,3,21,31,6,8,0,0,NC
Mayra Bueno Silva,0,20,37,54%,31,50,0,0,---,1,0,0:00,9,21,7,10,4,6,13,28,7,9,0,0,NC
Holly Holm,0,27,39,69%,50,70,0,1,0%,0,0,3:05,15,24,10,12,2,3,21,31,6,8,0,0,NC
Mayra Bueno Silva,0,20,37,54%,31,50,0,0,---,1,0,0:00,9,21,7,10,4,6,13,28,7,9,0,0,NC
Jack Della Maddalena,0,83,137,60%,149,212,1,2,50%,0,0,1:19,55,104,27,32,1,1,68,119,14,17,1,1,W
Bassil Hafez,0,32,124,25%,48,141,3,20,15%,0,1,6:48,29,117,2,6,1,1,28,118,4,6,0,0,L
Ottman Azaitar,0,14,33,42%,16,36,0,0,---,0,0,0:00,6,20,7,11,1,2,12,28,2,5,0,0,L
Francisco Prado,1,38,57,66%,42,61,0,3,0%,0,0,0:49,31,46,2,6,5,5,17,30,1,1,20,26,W
Albert Duraev,0,31,77,40%,35,83,1,2,50%,0,0,1:14,18,57,7,8,6,12,31,76,0,1,0,0,L
JunYong Park,1,50,96,52%,77,138,0,1,0%,3,0,1:59,41,85,4,5,5,6,47,93,2,2,1,1,W
Norma Dumont,0,47,76,61%,98,141,3,3,100%,0,0,8:58,30,59,12,12,5,5,28,49,10,12,9,15,W
Chelsea Chandler,0,22,61,36%,72,124,1,3,33%,0,0,2:30,14,51,6,7,2,3,13,44,9,17,0,0,L
Nazim Sadykhov,0,8,15,53%,20,27,0,0,---,1,1,0:55,6,11,0,1,2,3,6,13,0,0,2,2,W
Terrance McKinney,0,6,14,42%,21,34,2,5,40%,0,0,4:16,3,10,3,3,0,1,4,12,2,2,0,0,L
Tucker Lutz,0,36,109,33%,41,115,3,9,33%,0,0,6:19,14,71,16,28,6,10,34,105,2,4,0,0,L
Melsik Baghdasaryan,0,64,108,59%,74,122,0,0,---,0,0,0:42,32,66,30,40,2,2,50,88,11,16,3,4,W
Viktoriia Dudakova,0,3,11,27%,3,11,1,1,100%,0,0,0:06,1,7,2,4,0,0,2,10,0,0,1,1,W
Istela Nunes,0,2,6,33%,2,6,0,0,---,0,0,0:00,1,4,1,2,0,0,2,6,0,0,0,0,L
Austin Lingo,0,39,139,28%,39,140,0,0,---,0,0,0:00,24,114,11,17,4,8,39,139,0,0,0,0,L
Melquizael Costa,0,100,220,45%,108,236,3,8,37%,1,0,2:44,39,133,48,73,13,14,93,209,6,9,1,2,W
Evan Elder,1,96,195,49%,96,195,1,1,100%,1,0,0:06,61,155,15,19,20,21,96,193,0,1,0,1,W
Genaro Valdez,1,64,236,27%,65,237,0,0,---,0,0,0:00,51,210,4,6,9,20,62,231,2,5,0,0,L
Tyson Nam,0,81,213,38%,98,242,0,0,---,0,0,0:30,27,149,19,28,35,36,79,209,2,4,0,0,L
Azat Maksum,0,46,189,24%,46,190,2,11,18%,0,0,0:22,33,167,12,21,1,1,46,183,0,6,0,0,W
Alexander Munoz,1,44,111,39%,53,120,3,7,42%,0,0,3:54,37,99,6,11,1,1,27,87,2,3,15,21,W
Carl Deaton,0,37,108,34%,39,112,0,2,0%,0,0,0:00,29,97,8,11,0,0,36,106,1,2,0,0,L
Ashlee Evans-Smith,0,12,47,25%,13,49,0,1,0%,0,0,0:08,6,40,2,3,4,4,7,40,5,7,0,0,L
Ailin Perez,0,60,104,57%,127,190,10,15,66%,0,0,11:36,50,87,7,11,3,6,12,32,14,23,34,49,W
Alexander Volkanovski,0,66,97,68%,149,198,7,12,58%,0,0,7:13,48,69,4,5,14,23,25,45,4,6,37,46,W
Yair Rodriguez,0,40,80,50%,57,103,0,0,---,0,0,0:00,13,49,11,14,16,17,38,77,0,0,2,3,L
Brandon Moreno,0,147,245,60%,167,265,2,4,50%,0,3,4:01,133,231,13,13,1,1,128,220,12,14,7,11,L
Alexandre Pantoja,1,129,274,47%,161,323,6,11,54%,0,0,8:26,106,247,20,22,3,5,104,239,13,21,12,14,W
Robert Whittaker,0,31,70,44%,32,71,1,1,100%,0,0,0:23,23,59,2,4,6,7,29,68,2,2,0,0,L
Dricus Du Plessis,1,62,104,59%,74,118,1,1,100%,0,0,0:57,38,77,11,13,13,14,41,77,8,10,13,17,W
Jalin Turner,0,100,177,56%,113,191,1,3,33%,0,0,0:18,63,128,30,37,7,12,78,152,18,21,4,4,L
Dan Hooker,1,125,197,63%,172,247,0,2,0%,1,0,3:09,77,139,25,32,23,26,100,157,19,31,6,9,W
Bo Nickal,1,7,10,70%,7,10,0,1,0%,0,0,0:02,7,10,0,0,0,0,6,9,0,0,1,1,W
Val Woodburn,0,2,9,22%,2,9,0,0,---,0,0,0:00,2,9,0,0,0,0,2,9,0,0,0,0,L
Robbie Lawler,1,8,10,80%,8,10,0,0,---,0,0,0:00,8,10,0,0,0,0,4,6,4,4,0,0,W
Niko Price,0,2,7,28%,2,7,0,0,---,0,0,0:00,0,3,1,2,1,2,1,6,1,1,0,0,L
Tatsuro Taira,0,61,78,78%,121,148,2,3,66%,1,1,9:53,40,54,2,4,19,20,26,36,0,0,35,42,W
Edgar Chairez,1,25,38,65%,26,39,0,0,---,2,1,0:25,15,23,5,6,5,9,25,38,0,0,0,0,L
Yazmin Jauregui,0,0,1,0%,0,1,0,0,---,0,0,0:00,0,1,0,0,0,0,0,1,0,0,0,0,L
Denise Gomes,1,17,20,85%,21,24,0,0,---,0,0,0:10,17,20,0,0,0,0,4,6,0,0,13,14,W
Jimmy Crute,0,26,53,49%,32,59,1,5,20%,0,0,1:12,5,30,19,20,2,3,6,31,20,22,0,0,L
Alonzo Menifield,0,21,36,58%,25,40,0,0,---,1,0,1:45,18,33,2,2,1,1,17,32,4,4,0,0,W
Vitor Petrino,0,44,81,54%,72,111,4,6,66%,2,0,8:39,32,68,9,10,3,3,24,58,1,1,19,22,W
Marcin Prachnio,0,55,88,62%,147,185,0,1,0%,0,0,0:18,25,54,21,25,9,9,41,73,14,15,0,0,L
Cameron Saaiman,0,18,32,56%,23,38,2,2,100%,1,1,1:37,15,29,3,3,0,0,0,2,4,6,14,24,W
Terrence Mitchell,0,3,7,42%,6,11,1,2,50%,0,0,1:06,3,7,0,0,0,0,0,3,2,3,1,1,L
Shannon Ross,0,2,3,66%,2,3,0,0,---,0,0,0:00,1,2,1,1,0,0,2,3,0,0,0,0,L
Jesus Aguilar,1,2,3,66%,2,3,0,0,---,0,0,0:00,1,1,0,0,1,2,2,3,0,0,0,0,W
Kamuela Kirk,0,56,107,52%,86,147,3,14,21%,1,0,6:20,36,84,12,15,8,8,51,101,5,6,0,0,L
Esteban Ribovics,0,115,202,56%,135,224,2,2,100%,0,0,1:15,94,177,17,20,4,5,92,172,10,13,13,17,W
Sean Strickland,1,81,188,43%,81,188,0,0,---,0,0,0:10,80,186,1,2,0,0,67,168,0,0,14,20,W
Abus Magomedov,0,47,101,46%,47,101,1,2,50%,0,0,0:23,21,68,16,23,10,10,47,101,0,0,0,0,L
Damir Ismagulov,0,13,28,46%,35,54,0,0,---,0,1,0:08,6,19,6,8,1,1,13,28,0,0,0,0,L
Grant Dawson,0,30,57,52%,84,128,3,5,60%,1,0,12:24,28,48,1,8,1,1,9,35,1,1,20,21,W
Max Griffin,0,36,102,35%,39,105,0,8,0%,0,0,2:10,28,93,4,4,4,5,35,99,1,3,0,0,L
Michael Morales,0,72,164,43%,73,165,1,1,100%,0,0,0:27,59,145,5,8,8,11,68,159,4,5,0,0,W
Ariane Lipski,0,66,149,44%,81,166,1,1,100%,0,0,0:47,28,101,27,36,11,12,53,131,12,15,1,3,W
Melissa Gatto,0,85,186,45%,100,201,0,7,0%,0,0,2:57,39,117,34,50,12,19,70,165,15,21,0,0,L
Ismael Bonfim,0,14,24,58%,15,26,0,0,---,0,0,0:10,9,19,2,2,3,3,8,18,5,5,1,1,L
Benoit Saint Denis,0,13,33,39%,35,58,2,7,28%,2,0,2:57,3,18,10,15,0,0,11,29,2,4,0,0,W
Brunno Ferreira,0,3,5,60%,3,5,0,0,---,0,0,0:00,0,0,0,1,3,4,3,5,0,0,0,0,L
Nursulton Ruziboev,0,6,9,66%,6,9,1,1,100%,0,0,0:01,5,8,0,0,1,1,3,5,0,0,3,4,W
Kevin Lee,0,3,8,37%,3,8,0,0,---,0,0,0:00,3,8,0,0,0,0,3,8,0,0,0,0,L
Rinat Fakhretdinov,1,11,17,64%,11,17,0,0,---,1,0,0:20,6,12,2,2,3,3,11,17,0,0,0,0,W
Joanderson Brito,0,22,30,73%,24,32,1,1,100%,0,0,2:08,21,28,1,1,0,1,5,10,3,3,14,17,W
Westin Wilson,0,4,8,50%,14,18,0,0,---,2,0,0:00,0,3,3,4,1,1,3,7,1,1,0,0,L
Yana Santos,0,95,156,60%,151,213,0,0,---,0,0,3:53,20,69,42,47,33,40,63,113,32,43,0,0,L
Karol Rosa,0,66,130,50%,117,181,1,1,100%,0,0,0:41,38,95,18,21,10,14,48,106,12,14,6,10,W
Guram Kutateladze,0,85,163,52%,99,177,1,3,33%,0,0,2:23,49,114,28,40,8,9,54,122,25,30,6,11,L
Elves Brener,1,65,132,49%,93,165,2,7,28%,0,0,2:48,42,101,15,18,8,13,53,112,6,8,6,12,W
Ivana Petrovic,0,22,62,35%,77,122,2,6,33%,2,1,4:11,15,51,5,8,2,3,16,50,4,10,2,2,L
Luana Carolina,0,41,87,47%,112,167,1,3,33%,0,0,5:45,18,60,11,15,12,12,27,66,7,8,7,13,W
Alexandr Romanov,0,85,154,55%,104,180,2,3,66%,0,0,2:53,52,121,11,11,22,22,74,137,4,4,7,13,W
Blagoy Ivanov,0,44,108,40%,44,108,0,0,---,0,0,0:00,38,102,5,5,1,1,44,108,0,0,0,0,L
Josh Emmett,0,87,305,28%,89,309,0,0,---,0,0,0:00,43,232,26,53,18,20,87,305,0,0,0,0,L
Ilia Topuria,1,152,344,44%,171,365,3,3,100%,0,0,3:35,124,302,9,16,19,26,114,289,2,2,36,53,W
Amanda Ribas,0,35,74,47%,43,85,2,3,66%,0,0,2:25,21,52,7,14,7,8,30,68,5,6,0,0,L
Maycee Barber,0,81,124,65%,93,139,0,1,0%,0,0,1:22,70,108,5,10,6,6,32,60,6,9,43,55,W
Austen Lane,0,3,5,60%,3,5,0,0,---,0,0,0:00,1,3,2,2,0,0,3,5,0,0,0,0,NC
Justin Tafa,0,0,3,0%,0,3,0,0,---,0,0,0:00,0,3,0,0,0,0,0,3,0,0,0,0,NC
Austen Lane,0,3,5,60%,3,5,0,0,---,0,0,0:00,1,3,2,2,0,0,3,5,0,0,0,0,NC
Justin Tafa,0,0,3,0%,0,3,0,0,---,0,0,0:00,0,3,0,0,0,0,0,3,0,0,0,0,NC
David Onama,1,53,104,50%,59,118,0,1,0%,0,1,2:53,47,95,3,6,3,3,42,86,3,5,8,13,W
Gabriel Santos,0,39,73,53%,56,90,2,4,50%,2,0,1:31,22,46,9,14,8,13,36,70,1,1,2,2,L
Brendan Allen,1,30,56,53%,40,69,0,2,0%,1,0,2:29,24,49,5,6,1,1,15,32,5,5,10,19,W
Bruno Silva,0,20,38,52%,24,42,0,0,---,0,0,0:02,17,33,3,5,0,0,16,33,4,5,0,0,L
Neil Magny,0,29,65,44%,109,159,0,3,0%,0,0,4:31,23,57,5,7,1,1,17,46,12,19,0,0,W
Phil Rowe,0,34,64,53%,51,86,1,2,50%,0,0,4:38,17,43,3,6,14,15,32,58,2,6,0,0,L
Randy Brown,0,64,134,47%,78,156,2,2,100%,0,0,2:47,21,85,17,23,26,26,53,121,11,13,0,0,W
Wellington Turman,0,55,105,52%,96,153,0,5,0%,0,0,3:05,19,60,10,14,26,31,43,90,12,15,0,0,L
Mateusz Rebecki,2,54,95,56%,64,110,1,1,100%,1,0,1:57,24,58,12,17,18,20,54,95,0,0,0,0,W
Loik Radzhabov,0,19,54,35%,19,54,0,0,---,0,0,0:03,16,50,3,4,0,0,19,54,0,0,0,0,L
Tabatha Ricci,0,100,315,31%,101,318,3,8,37%,0,0,0:38,59,257,17,25,24,33,95,306,3,7,2,2,W
Gillian Robertson,0,76,219,34%,78,225,1,4,25%,0,0,0:26,31,150,24,40,21,29,74,212,2,7,0,0,L
Zhalgas Zhumagulov,0,103,287,35%,104,291,1,5,20%,0,0,1:10,45,201,28,48,30,38,101,281,2,6,0,0,L
Joshua Van,0,120,234,51%,131,245,0,2,0%,0,0,0:01,78,179,29,41,13,14,106,217,14,17,0,0,W
Trevor Peek,0,51,125,40%,65,140,0,0,---,0,1,1:23,25,91,23,31,3,3,39,105,12,20,0,0,L
Chepe Mariscal,0,71,117,60%,145,203,4,12,33%,1,1,5:29,51,94,11,14,9,9,41,78,20,23,10,16,W
Jamall Emmers,0,57,155,36%,76,185,1,6,16%,0,2,4:17,26,98,18,38,13,19,51,146,1,3,5,6,L
Jack Jenkins,0,59,119,49%,85,154,1,1,100%,0,0,0:15,26,67,14,21,19,31,53,110,1,2,5,7,W
Cody Brundage,0,3,10,30%,31,43,2,4,50%,1,1,1:53,2,6,0,1,1,3,3,10,0,0,0,0,L
Sedriques Dumas,0,17,22,77%,77,96,0,0,---,0,2,11:08,13,17,2,3,2,2,3,6,1,1,13,15,W
